 AnnualIncomeNeeded ,DistanceFromHome,Education,EnvironmentSatisfaction,JobInvolvement,JobSatisfaction,NumCompaniesWorked,PercentSalaryHike,PerformanceRating,TotalWorkingYears,WorkLifeBalance,YearsInCurrentRole,YearsSinceLastPromotion,DiffFromSalary, CurrentSalary 
" 195,520 ",89,2,2,3,4,8,0.11,3,8,1,4,0," 30,208 "," 165,312 "
" 126,880 ",56,1,3,2,2,1,0.23,4,10,3,7,1," 32,113 "," 94,767 "
" 191,360 ",105,2,4,2,3,6,0.15,3,7,3,0,0," 36,837 "," 154,523 "
" 116,480 ",17,4,4,3,3,1,0.11,3,8,3,7,3," 17,996 "," 98,484 "
" 83,200 ",55,1,1,3,2,9,0.12,3,6,3,2,2," 13,645 "," 69,555 "
" 164,320 ",94,2,4,3,4,0,0.13,3,8,2,7,3," 25,650 "," 138,670 "
" 168,480 ",50,3,3,4,1,4,0.2,4,12,2,0,0," 40,435 "," 128,045 "
" 139,360 ",82,1,4,3,3,1,0.22,4,1,3,0,0," 32,833 "," 106,527 "
" 91,520 ",42,3,4,2,3,0,0.21,4,10,3,7,1," 20,665 "," 70,855 "
" 195,520 ",83,3,3,3,3,6,0.13,3,17,2,7,7," 35,624 "," 159,896 "
" 174,720 ",15,3,1,4,2,0,0.13,3,6,3,4,0," 27,274 "," 147,446 "
" 101,920 ",61,2,4,2,3,0,0.12,3,10,3,5,0," 14,024 "," 87,896 "
" 64,480 ",55,1,1,3,3,1,0.17,3,5,2,2,4," 13,638 "," 50,842 "
" 193,440 ",18,2,2,3,4,0,0.11,3,3,3,2,1," 31,608 "," 161,832 "
" 104,000 ",106,3,3,2,3,5,0.14,3,6,3,2,0," 19,032 "," 84,968 "
" 106,080 ",11,4,2,4,1,1,0.11,3,10,3,9,8," 16,389 "," 89,691 "
" 166,400 ",10,2,1,4,2,0,0.12,3,7,2,2,0," 22,897 "," 143,503 "
" 199,680 ",113,2,4,4,4,1,0.13,3,1,2,0,0," 36,382 "," 163,298 "
" 162,240 ",39,4,1,2,4,2,0.16,3,31,3,8,3," 28,684 "," 133,556 "
" 93,600 ",50,3,4,3,4,5,0.11,3,6,3,2,1," 14,461 "," 79,139 "
" 199,680 ",74,2,1,4,3,0,0.18,3,5,2,2,1," 44,129 "," 155,551 "
" 170,560 ",56,4,3,2,1,7,0.23,4,10,3,3,0," 43,169 "," 127,391 "
" 110,240 ",16,4,1,3,2,0,0.11,3,13,3,6,2," 17,032 "," 93,208 "
" 199,680 ",37,2,3,3,4,1,0.14,3,0,3,0,0," 36,541 "," 163,139 "
" 172,640 ",38,1,2,3,1,2,0.11,3,8,3,2,1," 23,600 "," 149,040 "
" 120,640 ",109,3,3,3,3,4,0.11,3,26,2,13,4," 16,491 "," 104,149 "
" 149,760 ",17,1,2,1,1,1,0.22,4,10,3,2,6," 38,788 "," 110,972 "
" 99,840 ",23,4,3,3,2,0,0.11,3,10,3,7,4," 14,537 "," 85,303 "
" 87,360 ",117,4,1,2,4,3,0.14,3,24,3,6,5," 13,733 "," 73,627 "
" 172,640 ",14,4,2,3,1,3,0.12,3,22,2,2,2," 28,313 "," 144,327 "
" 162,240 ",81,3,3,3,4,4,0.11,3,7,3,1,0," 26,510 "," 135,730 "
" 85,280 ",68,4,4,3,4,2,0.13,3,9,4,2,1," 12,570 "," 72,710 "
" 172,640 ",70,2,4,2,3,1,0.13,3,10,3,0,1," 28,451 "," 144,189 "
" 116,480 ",30,3,4,3,4,3,0.14,3,19,4,0,0," 20,314 "," 96,166 "
" 126,880 ",81,3,2,3,4,2,0.16,3,6,2,0,2," 24,564 "," 102,316 "
" 149,760 ",105,2,4,4,3,1,0.12,3,6,2,3,1," 25,879 "," 123,881 "
" 178,880 ",70,2,1,2,3,1,0.14,3,3,3,2,0," 32,735 "," 146,145 "
" 201,760 ",99,3,4,3,4,1,0.13,3,2,3,2,2," 29,739 "," 172,021 "
" 170,560 ",70,4,2,2,1,9,0.14,3,6,4,1,0," 32,679 "," 137,881 "
" 87,360 ",106,3,3,4,1,2,0.19,3,10,3,3,1," 18,721 "," 68,639 "
" 156,000 ",8,2,3,3,4,1,0.12,3,1,3,0,0," 26,957 "," 129,043 "
" 68,640 ",22,4,4,3,1,1,0.13,3,1,3,0,0," 10,715 "," 57,925 "
" 99,840 ",24,3,1,1,3,1,0.12,3,1,2,0,0," 15,495 "," 84,345 "
" 76,960 ",45,3,4,3,3,1,0.15,3,9,3,8,1," 14,161 "," 62,799 "
" 120,640 ",39,2,3,3,4,1,0.23,4,12,3,8,3," 32,392 "," 88,248 "
" 101,920 ",118,3,2,3,3,1,0.12,3,23,3,15,15," 16,715 "," 85,205 "
" 149,760 ",15,4,2,3,3,0,0.2,4,10,3,5,8," 33,546 "," 116,214 "
" 151,840 ",86,2,2,3,2,4,0.21,4,8,3,0,0," 39,084 "," 112,756 "
" 203,840 ",73,4,1,3,4,4,0.21,4,14,3,6,0," 49,248 "," 154,592 "
" 74,880 ",115,1,4,4,4,1,0.19,3,1,3,0,0," 15,440 "," 59,440 "
" 203,840 ",35,2,1,2,3,9,0.13,3,23,3,0,0," 37,140 "," 166,700 "
" 104,000 ",64,4,3,3,3,1,0.13,3,2,2,2,2," 16,234 "," 87,766 "
" 156,000 ",9,5,2,3,1,5,0.21,4,9,2,3,1," 37,690 "," 118,310 "
" 164,320 ",29,2,3,2,1,2,0.13,3,10,3,0,2," 25,650 "," 138,670 "
" 97,760 ",33,3,3,2,4,7,0.19,3,5,2,2,0," 21,742 "," 76,018 "
" 203,840 ",34,2,1,3,4,1,0.12,3,15,3,14,8," 33,430 "," 170,410 "
" 147,680 ",35,5,2,3,1,1,0.22,4,9,2,8,1," 35,945 "," 111,735 "
" 62,400 ",27,4,3,3,1,3,0.15,3,4,3,2,2," 10,951 "," 51,449 "
" 99,840 ",84,4,4,3,4,3,0.22,4,10,2,7,1," 25,859 "," 73,981 "
" 106,080 ",97,4,1,2,3,1,0.18,3,7,4,5,0," 24,314 "," 81,766 "
" 68,640 ",42,3,1,3,4,1,0.22,4,9,3,8,7," 17,242 "," 51,398 "
" 104,000 ",84,5,4,3,4,1,0.11,3,10,3,3,9," 16,068 "," 87,932 "
" 89,440 ",55,2,2,2,3,5,0.12,3,29,2,3,13," 15,455 "," 73,985 "
" 205,920 ",73,3,1,3,1,7,0.11,3,28,2,16,7," 29,982 "," 175,938 "
" 122,720 ",25,3,3,3,3,1,0.13,3,17,3,14,12," 21,292 "," 101,428 "
" 68,640 ",95,3,4,3,3,2,0.14,3,21,3,0,0," 11,971 "," 56,669 "
" 197,600 ",119,3,2,2,2,1,0.13,3,6,3,5,0," 32,564 "," 165,036 "
" 122,720 ",97,3,2,3,1,2,0.17,3,25,3,0,0," 24,937 "," 97,783 "
" 164,320 ",57,3,2,3,1,4,0.13,3,5,2,2,1," 27,080 "," 137,240 "
" 164,320 ",34,3,4,2,3,0,0.17,3,2,2,0,0," 33,390 "," 130,930 "
" 118,560 ",92,1,1,2,3,7,0.11,3,20,2,3,1," 18,318 "," 100,242 "
" 158,080 ",31,3,3,3,2,0,0.23,4,6,3,4,0," 43,662 "," 114,418 "
" 180,960 ",73,4,3,3,2,1,0.17,3,1,3,1,1," 39,775 "," 141,185 "
" 137,280 ",25,3,2,3,2,1,0.17,3,10,3,4,0," 27,895 "," 109,385 "
" 114,400 ",33,3,2,4,4,3,0.12,3,5,3,0,0," 17,755 "," 96,645 "
" 126,880 ",37,4,3,3,4,1,0.23,4,11,3,7,1," 35,044 "," 91,836 "
" 66,560 ",84,4,3,2,1,0,0.14,3,16,3,13,2," 12,753 "," 53,807 "
" 108,160 ",54,4,4,3,1,4,0.14,3,17,4,0,0," 19,793 "," 88,367 "
" 62,400 ",101,4,1,3,3,4,0.13,3,16,4,2,0," 9,741 "," 52,659 "
" 166,400 ",70,2,2,3,2,8,0.22,4,16,3,2,0," 43,098 "," 123,302 "
" 114,400 ",106,1,4,2,4,1,0.12,3,10,2,8,3," 15,741 "," 98,659 "
" 62,400 ",96,3,2,2,3,1,0.18,3,6,3,4,0," 13,790 "," 48,610 "
" 145,600 ",62,2,1,3,4,3,0.14,3,24,3,0,1," 26,645 "," 118,955 "
" 164,320 ",53,3,2,1,4,7,0.12,3,17,3,11,1," 24,056 "," 140,264 "
" 195,520 ",102,2,1,3,2,1,0.15,3,5,3,2,1," 32,652 "," 162,868 "
" 101,920 ",79,3,4,1,4,4,0.11,3,37,2,4,0," 16,654 "," 85,266 "
" 128,960 ",83,1,3,3,1,3,0.13,3,3,3,0,0," 21,253 "," 107,707 "
" 199,680 ",53,4,4,3,4,3,0.23,4,10,3,2,0," 50,539 "," 149,141 "
" 205,920 ",107,3,3,2,4,1,0.19,3,11,3,10,10," 44,129 "," 161,791 "
" 133,120 ",33,2,3,2,4,1,0.16,3,9,3,8,4," 28,008 "," 105,112 "
" 162,240 ",71,4,3,2,2,1,0.22,4,22,2,3,11," 38,224 "," 124,016 "
" 147,680 ",76,4,3,3,4,0,0.22,4,11,1,7,1," 35,945 "," 111,735 "
" 131,040 ",65,2,3,2,2,1,0.12,3,11,2,8,2," 19,184 "," 111,856 "
" 83,200 ",36,3,3,2,1,2,0.13,3,21,2,9,9," 15,159 "," 68,041 "
" 180,960 ",112,4,2,3,3,1,0.16,3,12,3,8,5," 31,994 "," 148,966 "
" 124,800 ",120,4,1,3,3,9,0.12,3,16,1,3,0," 19,369 "," 105,431 "
" 68,640 ",94,2,1,3,3,0,0.21,4,4,2,2,0," 16,583 "," 52,057 "
" 89,440 ",80,3,2,3,3,1,0.15,3,5,4,4,0," 15,697 "," 73,743 "
" 76,960 ",71,4,4,3,3,0,0.13,3,38,2,10,1," 14,022 "," 62,938 "
" 139,360 ",122,3,2,3,2,4,0.12,3,17,4,2,1," 22,855 "," 116,505 "
" 131,040 ",37,4,3,3,1,4,0.22,4,7,3,2,0," 34,961 "," 96,079 "
" 147,680 ",30,1,4,3,1,1,0.13,3,1,3,0,0," 25,622 "," 122,058 "
" 137,280 ",9,3,4,2,4,1,0.18,3,1,3,0,1," 28,087 "," 109,193 "
" 85,280 ",89,4,1,3,3,1,0.14,3,16,3,13,2," 15,606 "," 69,674 "
" 208,000 ",47,2,3,2,4,5,0.14,3,17,4,0,0," 38,064 "," 169,936 "
" 66,560 ",52,4,3,2,4,9,0.21,4,30,3,2,2," 16,607 "," 49,953 "
" 151,840 ",23,3,1,3,2,3,0.19,3,28,2,3,0," 32,539 "," 119,301 "
" 95,680 ",74,3,3,2,3,1,0.11,3,6,3,4,0," 12,228 "," 83,452 "
" 133,120 ",43,1,4,2,4,1,0.11,3,2,3,2,2," 19,382 "," 113,738 "
" 122,720 ",23,3,2,3,4,1,0.15,3,1,3,0,0," 23,624 "," 99,096 "
" 62,400 ",84,4,1,2,1,3,0.2,4,23,2,12,12," 13,978 "," 48,422 "
" 137,280 ",106,3,1,1,3,1,0.24,4,9,3,7,0," 35,034 "," 102,246 "
" 62,400 ",27,3,4,4,4,2,0.12,3,23,3,3,4," 10,234 "," 52,166 "
" 108,160 ",68,1,2,3,3,0,0.12,3,6,3,3,1," 16,786 "," 91,374 "
" 93,600 ",111,4,3,2,2,6,0.15,3,12,3,0,0," 18,814 "," 74,786 "
" 180,960 ",60,3,3,3,4,2,0.12,3,12,3,3,1," 29,677 "," 151,283 "
" 93,600 ",68,3,3,2,1,2,0.12,3,14,3,10,5," 12,879 "," 80,721 "
" 191,360 ",9,2,2,3,4,0,0.14,3,10,3,7,2," 31,727 "," 159,633 "
" 81,120 ",70,2,1,3,4,5,0.22,4,7,3,0,0," 21,010 "," 60,110 "
" 191,360 ",24,2,3,3,4,1,0.12,3,25,4,12,4," 29,699 "," 161,661 "
" 199,680 ",36,3,1,1,3,1,0.25,4,10,2,7,0," 54,413 "," 145,267 "
" 197,600 ",38,2,3,3,2,0,0.13,3,8,4,7,0," 36,003 "," 161,597 "
" 149,760 ",117,4,2,3,2,9,0.18,3,7,3,4,4," 33,097 "," 116,663 "
" 106,080 ",21,3,1,3,3,7,0.13,3,23,3,18,15," 17,482 "," 88,598 "
" 158,080 ",36,4,2,1,3,4,0.18,3,12,2,7,7," 33,639 "," 124,441 "
" 95,680 ",62,3,3,2,2,1,0.19,3,5,2,4,4," 20,504 "," 75,176 "
" 195,520 ",17,4,4,3,4,1,0.12,3,40,2,10,15," 32,065 "," 163,455 "
" 104,000 ",101,1,4,3,3,1,0.19,3,0,2,0,0," 23,972 "," 80,028 "
" 208,000 ",37,1,3,3,4,0,0.14,3,3,3,1,2," 38,064 "," 169,936 "
" 199,680 ",50,4,3,3,1,1,0.14,3,16,2,11,5," 38,259 "," 161,421 "
" 149,760 ",33,3,2,4,3,4,0.12,3,18,3,2,1," 24,561 "," 125,199 "
" 160,160 ",120,3,3,3,4,4,0.11,3,16,3,2,2," 26,170 "," 133,990 "
" 147,680 ",45,3,2,1,3,3,0.11,3,4,3,2,2," 21,502 "," 126,178 "
" 199,680 ",26,1,3,3,3,3,0.13,3,12,3,7,0," 32,907 "," 166,773 "
" 126,880 ",43,1,3,3,3,1,0.23,4,8,3,7,5," 34,067 "," 92,813 "
" 174,720 ",78,2,2,3,2,6,0.2,4,7,3,2,0," 37,740 "," 136,980 "
" 110,240 ",115,4,1,1,4,2,0.15,3,18,3,2,0," 21,221 "," 89,019 "
" 97,760 ",77,4,4,2,3,4,0.14,3,17,4,11,5," 15,368 "," 82,392 "
" 85,280 ",88,3,1,2,3,2,0.18,3,6,3,2,2," 16,749 "," 68,531 "
" 99,840 ",35,3,3,3,4,0,0.19,3,12,1,9,4," 21,396 "," 78,444 "
" 85,280 ",78,3,1,3,1,7,0.22,4,10,4,4,0," 21,422 "," 63,858 "
" 172,640 ",31,3,3,3,4,5,0.13,3,9,2,5,0," 29,953 "," 142,687 "
" 66,560 ",60,5,4,3,3,3,0.2,4,19,3,2,2," 14,909 "," 51,651 "
" 156,000 ",108,3,1,3,3,1,0.14,3,5,2,4,0," 25,865 "," 130,135 "
" 72,800 ",61,2,4,1,4,0,0.17,3,9,4,7,0," 15,397 "," 57,403 "
" 174,720 ",86,3,4,3,1,5,0.14,3,8,3,2,2," 33,476 "," 141,244 "
" 72,800 ",118,1,2,2,4,0,0.13,3,6,3,3,1," 12,631 "," 60,169 "
" 189,280 ",78,3,4,2,1,4,0.13,3,21,2,6,7," 27,900 "," 161,380 "
" 195,520 ",71,4,3,3,1,2,0.21,4,7,3,0,1," 45,693 "," 149,827 "
" 164,320 ",15,1,2,3,2,1,0.14,3,1,3,0,0," 27,244 "," 137,076 "
" 112,320 ",34,3,2,3,2,1,0.11,3,20,3,7,2," 14,354 "," 97,966 "
" 195,520 ",82,5,3,3,2,1,0.13,3,10,3,8,0," 30,521 "," 164,999 "
" 70,720 ",27,2,2,3,3,2,0.2,4,13,1,7,4," 17,539 "," 53,181 "
" 124,800 ",71,3,2,3,2,8,0.18,3,20,1,9,0," 26,557 "," 98,243 "
" 89,440 ",107,3,2,3,4,1,0.14,3,9,3,8,3," 15,598 "," 73,842 "
" 85,280 ",81,1,4,3,3,1,0.13,3,10,3,7,0," 13,312 "," 71,968 "
" 70,720 ",84,4,2,2,3,2,0.17,3,10,3,0,0," 14,370 "," 56,350 "
" 156,000 ",87,3,2,2,2,4,0.2,4,9,2,0,0," 33,696 "," 122,304 "
" 139,360 ",79,4,3,2,4,7,0.11,3,15,2,11,2," 21,531 "," 117,829 "
" 156,000 ",65,4,3,3,3,6,0.18,3,6,3,3,1," 34,476 "," 121,524 "
" 166,400 ",118,1,3,3,4,1,0.24,4,2,3,2,2," 44,995 "," 121,405 "
" 118,560 ",86,3,4,3,2,6,0.18,3,6,1,2,2," 27,174 "," 91,386 "
" 87,360 ",74,3,3,3,4,1,0.11,3,5,1,2,0," 13,497 "," 73,863 "
" 172,640 ",58,2,3,4,4,3,0.16,3,12,1,3,1," 34,873 "," 137,767 "
" 164,320 ",30,3,3,2,3,1,0.15,3,1,2,1,0," 33,028 "," 131,292 "
" 110,240 ",107,3,3,3,2,3,0.15,3,21,3,4,4," 19,347 "," 90,893 "
" 116,480 ",30,3,1,3,3,4,0.12,3,13,3,8,1," 20,128 "," 96,352 "
" 85,280 ",115,3,2,3,4,2,0.12,3,12,3,9,7," 14,736 "," 70,544 "
" 122,720 ",53,4,1,2,4,4,0.22,4,12,4,3,0," 32,742 "," 89,978 "
" 89,440 ",25,5,3,3,3,3,0.2,4,8,3,4,1," 21,466 "," 67,974 "
" 106,080 ",39,3,3,3,2,0,0.16,3,6,2,2,1," 22,319 "," 83,761 "
" 208,000 ",58,1,3,1,1,0,0.21,4,1,4,0,0," 50,253 "," 157,747 "
" 62,400 ",108,2,4,3,2,4,0.12,3,13,2,7,7," 9,135 "," 53,265 "
" 137,280 ",54,3,3,3,1,1,0.11,3,12,3,9,6," 21,210 "," 116,070 "
" 62,400 ",99,2,3,3,1,4,0.11,3,9,4,4,0," 8,530 "," 53,870 "
" 139,360 ",91,3,3,3,1,4,0.18,3,19,3,2,2," 30,799 "," 108,561 "
" 187,200 ",72,3,3,3,4,0,0.14,3,4,4,1,0," 29,428 "," 157,772 "
" 97,760 ",97,3,2,2,4,1,0.22,4,1,2,0,1," 26,082 "," 71,678 "
" 191,360 ",28,2,2,3,1,1,0.25,4,24,3,13,15," 50,710 "," 140,650 "
" 156,000 ",68,2,3,3,4,1,0.12,3,2,3,2,2," 22,838 "," 133,162 "
" 197,600 ",71,1,3,3,4,8,0.23,4,7,3,2,0," 51,534 "," 146,066 "
" 197,600 ",19,2,4,3,2,2,0.15,3,9,3,2,1," 38,038 "," 159,562 "
" 145,600 ",118,2,2,3,2,1,0.22,4,4,2,3,0," 34,303 "," 111,297 "
" 178,880 ",65,3,3,2,3,2,0.15,3,5,2,2,0," 32,914 "," 145,966 "
" 118,560 ",76,2,4,4,1,1,0.11,3,5,3,2,1," 17,262 "," 101,298 "
" 149,760 ",58,3,4,3,2,1,0.13,3,8,3,7,1," 27,286 "," 122,474 "
" 95,680 ",65,1,4,3,3,1,0.14,3,21,3,8,9," 15,041 "," 80,639 "
" 126,880 ",91,4,3,4,2,8,0.11,3,36,3,15,2," 20,732 "," 106,148 "
" 93,600 ",95,1,4,2,3,1,0.17,3,10,2,9,1," 17,466 "," 76,134 "
" 203,840 ",50,3,4,3,2,3,0.18,3,21,3,7,1," 41,706 "," 162,134 "
" 135,200 ",63,4,3,2,3,0,0.14,3,34,3,18,11," 21,253 "," 113,947 "
" 205,920 ",114,3,4,3,2,1,0.16,3,7,2,7,0," 38,136 "," 167,784 "
" 104,000 ",67,2,2,2,3,3,0.13,3,8,3,0,0," 17,139 "," 86,861 "
" 76,960 ",61,3,4,4,4,4,0.14,3,7,4,4,2," 14,746 "," 62,214 "
" 135,200 ",36,2,1,2,4,9,0.23,4,22,3,8,11," 35,260 "," 99,940 "
" 135,200 ",42,3,2,4,1,1,0.12,3,8,2,7,1," 20,983 "," 114,217 "
" 76,960 ",45,3,2,3,2,5,0.11,3,10,3,2,1," 9,835 "," 67,125 "
" 74,880 ",10,2,3,3,3,2,0.16,3,11,3,3,0," 15,755 "," 59,125 "
" 183,040 ",13,4,4,3,3,9,0.14,3,14,3,0,0," 28,774 "," 154,266 "
" 112,320 ",98,3,4,3,4,3,0.18,3,9,1,7,1," 22,981 "," 89,339 "
" 124,800 ",69,1,3,2,1,5,0.19,3,6,3,2,2," 26,745 "," 98,055 "
" 191,360 ",15,4,4,3,4,1,0.15,3,7,3,7,1," 33,584 "," 157,776 "
" 89,440 ",102,4,4,3,3,1,0.17,3,5,4,3,2," 16,690 "," 72,750 "
" 205,920 ",47,2,3,3,4,8,0.15,3,15,4,2,3," 36,139 "," 169,781 "
" 145,600 ",73,1,2,3,1,7,0.19,3,17,3,0,0," 32,381 "," 113,219 "
" 72,800 ",102,3,2,3,4,1,0.22,4,10,2,4,1," 17,720 "," 55,080 "
" 124,800 ",119,3,4,4,2,1,0.16,3,4,2,2,2," 26,258 "," 98,542 "
" 151,840 ",108,1,2,3,4,1,0.13,3,8,3,1,1," 23,702 "," 128,138 "
" 131,040 ",118,5,4,2,4,9,0.14,3,5,1,2,0," 23,980 "," 107,060 "
" 201,760 ",119,4,4,3,1,7,0.16,3,17,3,2,0," 39,061 "," 162,699 "
" 66,560 ",78,4,4,1,4,1,0.11,3,14,2,8,9," 8,506 "," 58,054 "
" 183,040 ",78,1,3,2,3,1,0.22,4,12,3,8,5," 48,835 "," 134,205 "
" 187,200 ",85,3,4,3,3,1,0.14,3,7,3,7,0," 35,868 "," 151,332 "
" 168,480 ",38,4,2,2,2,5,0.16,3,16,1,9,4," 34,033 "," 134,447 "
" 183,040 ",29,3,4,3,1,5,0.11,3,8,3,2,0," 26,651 "," 156,389 "
" 156,000 ",35,3,4,3,4,3,0.18,3,16,3,0,0," 34,476 "," 121,524 "
" 108,160 ",31,4,3,2,1,5,0.15,3,9,2,3,0," 18,982 "," 89,178 "
" 176,800 ",18,3,3,3,3,0,0.14,3,7,2,2,1," 33,875 "," 142,925 "
" 118,560 ",53,3,4,2,4,6,0.12,3,23,3,7,12," 19,444 "," 99,116 "
" 108,160 ",104,3,4,3,1,2,0.14,3,16,3,2,0," 18,863 "," 89,297 "
" 128,960 ",94,2,4,3,2,8,0.16,3,16,4,11,3," 26,050 "," 102,910 "
" 97,760 ",70,4,3,2,2,6,0.21,4,7,3,2,1," 25,163 "," 72,597 "
" 97,760 ",18,3,2,3,4,1,0.14,3,10,3,8,0," 17,890 "," 79,870 "
" 158,080 ",40,3,1,3,3,0,0.12,3,17,2,10,5," 23,143 "," 134,937 "
" 187,200 ",77,4,3,1,3,0,0.12,3,6,3,4,1," 32,348 "," 154,852 "
" 145,600 ",71,3,3,2,4,3,0.17,3,7,3,0,0," 32,003 "," 113,597 "
" 85,280 ",95,4,1,3,4,4,0.17,3,13,3,8,5," 18,745 "," 66,535 "
" 87,360 ",115,1,2,3,4,1,0.14,3,11,3,10,4," 16,738 "," 70,622 "
" 191,360 ",102,3,3,3,3,1,0.14,3,10,4,7,0," 33,373 "," 157,987 "
" 178,880 ",117,1,3,2,4,1,0.13,3,4,2,3,0," 29,479 "," 149,401 "
" 185,120 ",64,3,3,2,4,7,0.15,3,6,2,2,2," 35,636 "," 149,484 "
" 120,640 ",108,2,3,3,4,1,0.11,3,22,3,17,11," 19,713 "," 100,927 "
" 108,160 ",45,2,2,3,3,8,0.17,3,7,2,2,2," 21,978 "," 86,182 "
" 141,440 ",89,4,4,3,4,3,0.11,3,32,2,0,0," 19,335 "," 122,105 "
" 120,640 ",9,3,3,3,4,5,0.13,3,8,1,4,0," 20,931 "," 99,709 "
" 166,400 ",31,3,4,3,4,5,0.22,4,22,3,13,1," 39,204 "," 127,196 "
" 81,120 ",97,2,1,3,1,7,0.2,4,13,4,7,1," 19,469 "," 61,651 "
" 164,320 ",107,4,1,2,3,1,0.18,3,33,4,7,15," 33,620 "," 130,700 "
" 116,480 ",103,2,3,3,2,2,0.11,3,6,3,3,1," 15,923 "," 100,557 "
" 128,960 ",97,3,4,2,3,0,0.14,3,4,1,2,1," 20,273 "," 108,687 "
" 199,680 ",32,4,3,3,3,7,0.14,3,7,3,2,1," 36,541 "," 163,139 "
" 208,000 ",34,4,3,3,4,0,0.18,3,4,3,2,2," 44,262 "," 163,738 "
" 74,880 ",112,2,3,3,1,2,0.16,3,17,2,0,0," 15,126 "," 59,754 "
" 128,960 ",92,2,1,3,4,1,0.17,3,9,3,8,4," 26,205 "," 102,755 "
" 145,600 ",67,3,3,4,4,0,0.11,3,25,3,0,1," 23,791 "," 121,809 "
" 151,840 ",57,4,2,3,3,9,0.12,3,9,3,2,2," 22,229 "," 129,611 "
" 131,040 ",54,4,3,2,4,1,0.13,3,2,2,2,0," 20,455 "," 110,585 "
" 174,720 ",88,4,4,2,1,6,0.13,3,13,3,9,5," 25,754 "," 148,966 "
" 172,640 ",28,2,3,2,1,2,0.14,3,17,2,1,0," 33,078 "," 139,562 "
" 160,160 ",83,4,1,4,3,4,0.17,3,9,3,2,0," 33,874 "," 126,286 "
" 126,880 ",20,3,1,3,3,6,0.11,3,17,3,0,0," 19,603 "," 107,277 "
" 133,120 ",20,4,3,3,3,0,0.25,4,20,3,6,11," 35,277 "," 97,843 "
" 124,800 ",53,3,3,3,4,1,0.19,3,6,3,5,1," 29,777 "," 95,023 "
" 170,560 ",8,2,4,4,1,3,0.13,3,10,3,2,0," 29,592 "," 140,968 "
" 93,600 ",29,2,4,3,4,2,0.14,3,10,3,2,0," 17,934 "," 75,666 "
" 128,960 ",122,3,1,3,3,0,0.12,3,5,3,2,1," 17,745 "," 111,215 "
" 116,480 ",61,3,4,2,1,0,0.11,3,10,3,6,7," 19,033 "," 97,447 "
" 101,920 ",31,2,1,3,3,0,0.19,3,22,3,7,3," 22,667 "," 79,253 "
" 199,680 ",63,3,3,3,4,1,0.11,3,1,2,0,0," 32,628 "," 167,052 "
" 147,680 ",67,2,3,2,2,0,0.11,3,6,4,4,1," 21,502 "," 126,178 "
" 208,000 ",59,3,2,4,2,1,0.2,4,5,1,1,0," 44,928 "," 163,072 "
" 81,120 ",103,2,4,2,4,3,0.18,3,13,3,7,7," 15,932 "," 65,188 "
" 174,720 ",25,1,4,2,1,4,0.13,3,9,3,2,0," 25,754 "," 148,966 "
" 156,000 ",28,3,3,1,2,3,0.12,3,28,2,7,7," 24,211 "," 131,789 "
" 164,320 ",107,4,1,3,3,2,0.11,3,5,1,0,0," 22,463 "," 141,857 "
" 162,240 ",81,3,1,2,2,2,0.19,3,10,3,0,0," 38,710 "," 123,530 "
" 133,120 ",41,3,2,2,4,0,0.21,4,10,3,0,7," 34,265 "," 98,855 "
" 176,800 ",42,2,2,4,1,1,0.12,3,6,3,3,1," 25,884 "," 150,916 "
" 164,320 ",95,2,3,3,4,0,0.14,3,21,3,7,4," 25,831 "," 138,489 "
" 97,760 ",93,3,4,3,4,0,0.11,3,16,3,13,10," 13,364 "," 84,396 "
" 168,480 ",88,3,4,3,1,0,0.14,3,37,3,10,4," 32,281 "," 136,199 "
" 183,040 ",31,4,1,3,2,1,0.12,3,10,2,7,9," 31,629 "," 151,411 "
" 195,520 ",67,3,4,3,4,1,0.23,4,5,2,2,0," 47,981 "," 147,539 "
" 203,840 ",62,4,3,3,4,4,0.14,3,7,4,4,0," 32,044 "," 171,796 "
" 208,000 ",16,2,4,2,3,1,0.17,3,3,4,2,1," 45,718 "," 162,282 "
" 166,400 ",20,4,1,3,4,2,0.18,3,15,3,2,0," 36,774 "," 129,626 "
" 147,680 ",73,3,2,4,2,7,0.18,3,10,2,7,6," 30,215 "," 117,465 "
" 91,520 ",111,2,1,4,1,1,0.24,4,8,3,0,7," 26,138 "," 65,382 "
" 174,720 ",18,3,3,3,2,1,0.2,4,6,1,5,1," 40,535 "," 134,185 "
" 199,680 ",95,1,1,3,2,3,0.14,3,28,2,4,1," 34,824 "," 164,856 "
" 93,600 ",10,4,3,3,3,3,0.16,3,21,2,3,1," 19,693 "," 73,907 "
" 205,920 ",17,1,2,3,3,1,0.25,4,20,3,16,11," 54,569 "," 151,351 "
" 91,520 ",45,2,2,3,4,1,0.18,3,10,2,7,0," 20,226 "," 71,294 "
" 76,960 ",37,2,2,3,4,3,0.19,3,12,3,7,0," 15,869 "," 61,091 "
" 124,800 ",13,2,1,3,1,1,0.13,3,5,3,3,3," 19,481 "," 105,319 "
" 87,360 ",75,3,4,3,4,1,0.12,3,17,3,12,5," 12,790 "," 74,570 "
" 89,440 ",52,3,4,3,3,3,0.22,4,19,1,0,0," 21,770 "," 67,670 "
" 170,560 ",19,4,4,3,4,9,0.14,3,10,3,2,1," 31,212 "," 139,348 "
" 93,600 ",34,4,1,3,2,2,0.13,3,5,3,2,0," 17,054 "," 76,546 "
" 137,280 ",73,2,4,3,4,1,0.21,4,5,3,3,0," 32,082 "," 105,198 "
" 72,800 ",32,4,3,3,1,9,0.11,3,22,3,2,1," 11,248 "," 61,552 "
" 62,400 ",32,3,3,3,2,4,0.12,3,10,3,0,7," 10,234 "," 52,166 "
" 174,720 ",14,3,4,3,2,1,0.11,3,2,2,2,2," 25,439 "," 149,281 "
" 99,840 ",56,4,4,2,4,1,0.12,3,8,3,7,7," 13,738 "," 86,102 "
" 110,240 ",48,3,2,3,4,1,0.12,3,4,2,2,1," 15,169 "," 95,071 "
" 160,160 ",56,3,3,3,2,5,0.14,3,23,4,4,4," 25,177 "," 134,983 "
" 112,320 ",17,3,3,3,3,1,0.13,3,0,3,0,0," 16,556 "," 95,764 "
" 199,680 ",46,3,3,3,2,0,0.15,3,12,2,9,6," 33,347 "," 166,333 "
" 168,480 ",87,4,3,4,4,4,0.18,3,4,3,0,0," 38,616 "," 129,864 "
" 174,720 ",32,3,4,1,2,5,0.18,3,13,3,1,1," 34,315 "," 140,405 "
" 183,040 ",31,4,4,3,2,1,0.19,3,22,3,10,0," 42,191 "," 140,849 "
" 143,520 ",29,3,4,2,3,1,0.12,3,0,3,0,0," 23,537 "," 119,983 "
" 141,440 ",12,2,2,4,1,0,0.19,3,9,3,3,0," 31,456 "," 109,984 "
" 208,000 ",83,3,2,4,4,4,0.11,3,10,2,7,7," 33,987 "," 174,013 "
" 99,840 ",26,3,3,4,4,0,0.17,3,19,2,10,3," 18,630 "," 81,210 "
" 97,760 ",72,4,2,3,2,7,0.15,3,11,3,8,0," 17,157 "," 80,603 "
" 189,280 ",69,3,4,2,3,1,0.14,3,13,2,8,4," 33,010 "," 156,270 "
" 168,480 ",104,2,1,2,2,3,0.17,3,19,3,8,0," 31,438 "," 137,042 "
" 66,560 ",63,4,4,1,3,2,0.13,3,12,3,3,1," 11,548 "," 55,012 "
" 178,880 ",29,4,3,3,4,0,0.12,3,6,3,2,0," 30,910 "," 147,970 "
" 128,960 ",102,3,1,2,1,3,0.12,3,9,3,2,1," 20,015 "," 108,945 "
" 201,760 ",110,3,1,3,1,1,0.18,3,24,3,9,9," 41,280 "," 160,480 "
" 66,560 ",97,4,3,3,4,0,0.18,3,3,1,2,2," 15,256 "," 51,304 "
" 153,920 ",92,4,4,3,2,6,0.11,3,12,3,6,8," 23,781 "," 130,139 "
" 205,920 ",57,1,3,3,1,1,0.14,3,21,3,9,11," 32,371 "," 173,549 "
" 68,640 ",101,4,3,3,4,0,0.19,3,9,3,7,1," 16,378 "," 52,262 "
" 187,200 ",30,2,3,2,3,7,0.12,3,25,3,1,0," 30,701 "," 156,499 "
" 176,800 ",37,4,3,2,2,2,0.15,3,11,2,2,7," 35,537 "," 141,263 "
" 176,800 ",94,3,3,3,2,1,0.12,3,4,2,3,1," 25,884 "," 150,916 "
" 135,200 ",120,2,3,2,2,1,0.11,3,13,3,12,11," 22,092 "," 113,108 "
" 153,920 ",89,3,4,3,3,1,0.11,3,5,3,4,0," 21,041 "," 132,879 "
" 151,840 ",101,3,4,3,4,4,0.12,3,13,3,7,1," 20,893 "," 130,947 "
" 153,920 ",81,4,1,4,4,7,0.16,3,10,2,7,0," 27,213 "," 126,707 "
" 174,720 ",105,4,1,1,4,5,0.13,3,5,2,2,2," 27,274 "," 147,446 "
" 133,120 ",56,2,4,3,4,1,0.13,3,11,3,8,1," 21,938 "," 111,182 "
" 99,840 ",88,2,3,2,3,1,0.24,4,10,3,9,8," 25,479 "," 74,361 "
" 112,320 ",42,2,3,2,4,1,0.15,3,21,3,9,13," 18,757 "," 93,563 "
" 85,280 ",77,2,4,3,3,4,0.18,3,12,2,0,0," 19,546 "," 65,734 "
" 95,680 ",48,3,2,2,4,3,0.14,3,9,2,7,0," 16,687 "," 78,993 "
" 87,360 ",61,5,4,3,3,4,0.11,3,21,3,2,1," 11,165 "," 76,195 "
" 170,560 ",13,4,3,2,3,1,0.11,3,9,4,7,0," 24,834 "," 145,726 "
" 151,840 ",76,1,3,3,2,0,0.13,3,6,3,4,1," 22,381 "," 129,459 "
" 64,480 ",73,4,4,3,3,3,0.12,3,20,2,3,0," 9,440 "," 55,040 "
" 89,440 ",87,3,3,3,1,8,0.16,3,10,2,0,0," 16,564 "," 72,876 "
" 156,000 ",112,4,4,3,4,9,0.14,3,12,3,9,9," 29,890 "," 126,110 "
" 118,560 ",55,2,2,1,4,2,0.22,4,6,2,3,0," 30,707 "," 87,853 "
" 160,160 ",86,4,2,1,1,1,0.11,3,7,2,7,0," 21,894 "," 138,266 "
" 62,400 ",26,5,2,2,4,0,0.17,3,4,3,2,2," 13,198 "," 49,202 "
" 62,400 ",86,3,4,2,3,1,0.13,3,10,3,9,1," 9,741 "," 52,659 "
" 116,480 ",51,4,2,3,2,1,0.18,3,8,3,7,0," 24,787 "," 91,693 "
" 126,880 ",12,2,4,3,4,7,0.16,3,8,2,2,0," 22,432 "," 104,448 "
" 191,360 ",80,2,3,2,4,0,0.14,3,12,3,10,2," 33,373 "," 157,987 "
" 81,120 ",76,4,3,3,4,1,0.14,3,11,2,9,4," 12,752 "," 68,368 "
" 81,120 ",50,1,4,2,2,1,0.14,3,7,3,7,1," 12,752 "," 68,368 "
" 128,960 ",78,4,3,3,2,0,0.13,3,17,3,6,0," 20,131 "," 108,829 "
" 172,640 ",115,1,3,3,4,1,0.12,3,4,2,2,0," 25,274 "," 147,366 "
" 197,600 ",57,3,4,2,2,6,0.15,3,8,3,4,1," 38,038 "," 159,562 "
" 205,920 ",9,1,2,3,3,3,0.19,3,5,3,0,0," 42,461 "," 163,459 "
" 91,520 ",45,5,1,3,4,2,0.14,3,16,3,0,0," 15,174 "," 76,346 "
" 126,880 ",120,3,4,3,3,1,0.14,3,4,2,3,0," 24,310 "," 102,570 "
" 108,160 ",30,1,3,3,3,0,0.11,3,4,3,2,1," 16,711 "," 91,449 "
" 156,000 ",21,3,3,3,2,1,0.13,3,8,3,0,0," 24,352 "," 131,648 "
" 189,280 ",32,1,1,3,3,3,0.21,4,15,1,0,0," 48,721 "," 140,559 "
" 106,080 ",118,3,3,4,1,4,0.13,3,13,3,7,6," 18,405 "," 87,675 "
" 176,800 ",106,2,4,3,3,7,0.12,3,4,4,2,2," 24,328 "," 152,472 "
" 118,560 ",36,3,3,3,3,1,0.17,3,8,3,7,7," 25,075 "," 93,485 "
" 203,840 ",17,4,1,2,4,3,0.23,4,14,3,0,0," 56,301 "," 147,539 "
" 205,920 ",41,1,1,2,2,1,0.11,3,3,3,2,1," 33,647 "," 172,273 "
" 93,600 ",42,5,4,3,4,4,0.15,3,7,3,0,0," 15,631 "," 77,969 "
" 99,840 ",74,4,1,2,4,4,0.11,3,16,3,9,1," 15,425 "," 84,415 "
" 183,040 ",115,4,4,3,3,2,0.11,3,15,3,2,1," 25,022 "," 158,018 "
" 95,680 ",95,4,4,4,3,3,0.13,3,10,3,7,1," 14,936 "," 80,744 "
" 81,120 ",23,2,1,3,4,1,0.24,4,3,2,2,2," 23,168 "," 57,952 "
" 70,720 ",15,3,4,3,3,1,0.13,3,1,3,0,0," 11,655 "," 59,065 "
" 203,840 ",101,3,3,3,1,6,0.2,4,17,3,4,0," 44,029 "," 159,811 "
" 62,400 ",69,4,3,3,3,2,0.14,3,7,4,0,0," 10,883 "," 51,517 "
" 116,480 ",28,3,1,3,2,1,0.18,3,8,3,7,7," 24,787 "," 91,693 "
" 208,000 ",72,3,4,2,4,6,0.15,3,20,3,3,1," 38,272 "," 169,728 "
" 141,440 ",100,2,3,2,3,2,0.12,3,8,3,4,1," 20,707 "," 120,733 "
" 87,360 ",27,4,3,2,2,0,0.16,3,3,3,2,2," 16,913 "," 70,447 "
" 187,200 ",100,3,3,4,2,1,0.15,3,1,3,0,0," 36,036 "," 151,164 "
" 112,320 ",14,3,4,3,4,9,0.16,3,6,3,2,1," 22,689 "," 89,631 "
" 201,760 ",58,4,3,2,2,9,0.19,3,10,3,1,0," 48,140 "," 153,620 "
" 170,560 ",10,2,4,3,2,1,0.11,3,5,3,2,0," 24,834 "," 145,726 "
" 191,360 ",122,4,2,3,4,1,0.16,3,7,3,5,0," 40,262 "," 151,098 "
" 64,480 ",94,3,2,2,3,8,0.24,4,26,3,2,0," 17,925 "," 46,555 "
" 180,960 ",80,2,3,3,4,4,0.11,3,18,2,7,0," 24,737 "," 156,223 "
" 199,680 ",87,3,4,3,3,4,0.13,3,6,3,2,2," 36,382 "," 163,298 "
" 139,360 ",39,3,1,4,4,8,0.13,3,9,2,2,0," 20,542 "," 118,818 "
" 201,760 ",19,3,3,3,4,2,0.13,3,30,3,4,1," 31,495 "," 170,265 "
" 160,160 ",66,4,4,3,3,1,0.12,3,5,4,2,0," 24,857 "," 135,303 "
" 149,760 ",68,1,3,3,2,1,0.18,3,1,3,0,0," 29,413 "," 120,347 "
" 151,840 ",80,1,3,3,1,0,0.22,4,7,3,4,0," 35,774 "," 116,066 "
" 89,440 ",70,3,1,3,2,1,0.13,3,2,3,1,1," 13,183 "," 76,257 "
" 126,880 ",9,2,2,2,3,1,0.13,3,10,3,9,9," 20,910 "," 105,970 "
" 83,200 ",35,3,3,3,4,9,0.23,4,3,3,0,0," 22,339 "," 60,861 "
" 197,600 ",121,3,4,3,1,1,0.12,3,18,2,7,12," 27,190 "," 170,410 "
" 95,680 ",50,2,4,3,2,7,0.12,3,8,3,4,1," 14,008 "," 81,672 "
" 197,600 ",63,4,2,3,1,3,0.16,3,8,3,2,1," 36,596 "," 161,004 "
" 101,920 ",55,4,3,3,2,2,0.12,3,18,2,0,0," 14,921 "," 86,999 "
" 122,720 ",75,3,1,2,2,1,0.11,3,25,3,10,3," 18,960 "," 103,760 "
" 162,240 ",17,3,2,2,3,6,0.22,4,20,3,0,0," 40,755 "," 121,485 "
" 178,880 ",91,2,1,3,1,4,0.11,3,24,2,2,1," 27,637 "," 151,243 "
" 149,760 ",33,4,3,3,3,9,0.15,3,6,3,2,1," 28,829 "," 120,931 "
" 64,480 ",116,2,2,3,1,1,0.12,3,13,1,10,3," 10,007 "," 54,473 "
" 126,880 ",27,3,4,3,4,7,0.2,4,8,3,2,1," 27,406 "," 99,474 "
" 153,920 ",88,4,3,3,3,4,0.14,3,8,3,2,0," 24,196 "," 129,724 "
" 205,920 ",86,2,2,2,4,1,0.11,3,5,3,4,1," 26,317 "," 179,603 "
" 149,760 ",70,5,2,3,3,3,0.15,3,15,3,11,10," 25,010 "," 124,750 "
" 203,840 ",59,2,4,2,1,1,0.12,3,4,3,2,3," 31,636 "," 172,204 "
" 108,160 ",54,1,2,3,3,1,0.14,3,21,3,8,1," 17,003 "," 91,157 "
" 178,880 ",29,3,3,4,1,9,0.11,3,36,2,7,7," 26,045 "," 152,835 "
" 172,640 ",117,3,2,3,3,0,0.11,3,6,3,4,4," 25,136 "," 147,504 "
" 101,920 ",55,3,2,4,1,1,0.16,3,10,3,7,0," 18,876 "," 83,044 "
" 164,320 ",33,2,3,3,1,1,0.12,3,10,3,0,1," 26,948 "," 137,372 "
" 189,280 ",71,3,1,3,1,5,0.13,3,6,3,2,0," 31,193 "," 158,087 "
" 81,120 ",70,3,4,2,3,2,0.14,3,28,3,4,0," 12,752 "," 68,368 "
" 143,520 ",108,2,1,3,4,3,0.21,4,8,2,2,0," 34,674 "," 108,846 "
" 62,400 ",81,2,4,3,4,2,0.13,3,31,1,2,1," 10,826 "," 51,574 "
" 191,360 ",10,2,1,3,3,2,0.11,3,19,3,4,0," 26,159 "," 165,201 "
" 89,440 ",46,3,3,1,4,2,0.2,4,11,3,4,0," 21,466 "," 67,974 "
" 85,280 ",105,3,1,3,1,5,0.11,3,33,1,8,11," 13,935 "," 71,345 "
" 180,960 ",72,3,3,3,3,2,0.14,3,19,2,7,0," 33,116 "," 147,844 "
" 183,040 ",72,4,4,2,4,0,0.11,3,7,4,5,0," 26,651 "," 156,389 "
" 128,960 ",107,1,1,3,2,1,0.16,3,6,3,3,1," 22,800 "," 106,160 "
" 68,640 ",56,2,4,1,3,0,0.16,3,3,2,2,1," 12,136 "," 56,504 "
" 87,360 ",44,2,4,3,4,1,0.23,4,1,3,0,0," 21,438 "," 65,922 "
" 164,320 ",80,4,3,3,3,0,0.14,3,21,3,15,1," 27,244 "," 137,076 "
" 187,200 ",101,3,1,3,4,1,0.22,4,3,1,2,0," 49,945 "," 137,255 "
" 110,240 ",116,3,3,3,4,4,0.15,3,9,1,3,1," 22,158 "," 88,082 "
" 193,440 ",81,4,2,2,3,1,0.18,3,10,3,2,0," 41,164 "," 152,276 "
" 147,680 ",50,5,3,2,2,5,0.16,3,6,4,2,1," 28,591 "," 119,089 "
" 108,160 ",39,2,1,2,4,1,0.12,3,1,4,0,0," 17,738 "," 90,422 "
" 143,520 ",61,4,3,3,1,0,0.11,3,10,3,8,7," 18,342 "," 125,178 "
" 116,480 ",74,3,1,2,4,3,0.12,3,32,2,0,0," 19,103 "," 97,377 "
" 183,040 ",51,4,2,2,3,0,0.15,3,28,3,10,15," 36,791 "," 146,249 "
" 101,920 ",58,3,3,3,4,0,0.14,3,12,2,7,6," 17,775 "," 84,145 "
" 166,400 ",99,3,3,2,1,4,0.19,3,22,4,13,13," 35,660 "," 130,740 "
" 135,200 ",39,2,1,3,4,5,0.13,3,20,3,0,0," 21,105 "," 114,095 "
" 106,080 ",41,3,1,3,3,6,0.13,3,26,1,2,0," 15,636 "," 90,444 "
" 95,680 ",34,3,4,1,3,0,0.15,3,6,3,4,4," 19,232 "," 76,448 "
" 87,360 ",58,4,3,3,3,7,0.11,3,19,3,0,0," 13,497 "," 73,863 "
" 128,960 ",79,4,4,2,3,3,0.12,3,14,3,3,5," 17,745 "," 111,215 "
" 195,520 ",25,3,3,2,4,2,0.19,3,15,3,2,1," 45,067 "," 150,453 "
" 68,640 ",34,1,3,3,2,1,0.25,4,13,4,8,0," 20,249 "," 48,391 "
" 116,480 ",113,1,2,3,3,7,0.12,3,15,4,6,7," 19,103 "," 97,377 "
" 79,040 ",54,1,1,1,4,7,0.13,3,8,3,3,1," 13,713 "," 65,327 "
" 118,560 ",95,1,4,3,2,0,0.14,3,4,3,2,1," 18,638 "," 99,922 "
" 149,760 ",21,3,4,3,3,4,0.12,3,10,3,7,0," 23,243 "," 126,517 "
" 137,280 ",98,3,1,3,3,3,0.12,3,12,3,0,0," 23,722 "," 113,558 "
" 89,440 ",93,3,2,3,1,9,0.15,3,11,3,2,0," 17,217 "," 72,223 "
" 201,760 ",41,2,2,3,3,4,0.17,3,8,3,2,2," 39,323 "," 162,437 "
" 66,560 ",83,4,2,3,4,1,0.14,3,10,2,3,9," 12,180 "," 54,380 "
" 205,920 ",27,1,3,2,3,5,0.16,3,4,3,2,1," 43,326 "," 162,594 "
" 76,960 ",12,5,2,3,4,2,0.14,3,14,3,7,6," 12,760 "," 64,200 "
" 172,640 ",44,5,1,3,2,3,0.23,4,37,3,9,7," 47,683 "," 124,957 "
" 116,480 ",74,2,4,3,4,7,0.14,3,16,3,3,1," 21,316 "," 95,164 "
" 176,800 ",79,3,2,3,3,9,0.11,3,15,3,9,6," 22,595 "," 154,205 "
" 156,000 ",105,3,2,3,3,7,0.15,3,22,3,6,5," 31,356 "," 124,644 "
" 99,840 ",19,1,3,3,3,1,0.11,3,8,3,3,0," 13,648 "," 86,192 "
" 160,160 ",52,1,2,3,4,4,0.13,3,10,4,5,0," 26,394 "," 133,766 "
" 116,480 ",29,3,4,3,1,1,0.21,4,10,2,9,5," 26,301 "," 90,179 "
" 126,880 ",61,3,4,3,2,0,0.19,3,9,4,7,3," 28,218 "," 98,662 "
" 120,640 ",61,4,2,3,3,0,0.11,3,8,2,7,1," 18,639 "," 102,001 "
" 70,720 ",37,3,4,3,4,4,0.12,3,8,4,2,1," 12,220 "," 58,500 "
" 197,600 ",47,5,1,4,3,4,0.19,3,10,3,1,0," 40,745 "," 156,855 "
" 91,520 ",32,3,3,2,4,9,0.21,4,10,2,4,0," 21,388 "," 70,132 "
" 143,520 ",99,3,2,3,2,1,0.14,3,0,3,0,0," 22,561 "," 120,959 "
" 120,640 ",14,3,3,1,1,3,0.15,3,20,3,0,0," 23,223 "," 97,417 "
" 128,960 ",38,4,1,2,3,2,0.17,3,10,3,7,0," 27,275 "," 101,685 "
" 93,600 ",51,2,1,3,3,5,0.12,3,8,3,0,0," 12,879 "," 80,721 "
" 166,400 ",9,3,1,3,3,1,0.16,3,5,3,4,0," 32,215 "," 134,185 "
" 153,920 ",112,4,4,4,4,1,0.12,3,10,3,7,5," 25,243 "," 128,677 "
" 137,280 ",48,3,3,1,4,1,0.18,3,1,1,0,0," 28,087 "," 109,193 "
" 122,720 ",94,3,2,3,4,4,0.17,3,12,4,5,1," 26,974 "," 95,746 "
" 178,880 ",78,1,1,3,3,5,0.11,3,28,2,2,1," 22,861 "," 156,019 "
" 189,280 ",51,5,2,3,1,7,0.16,3,22,3,16,11," 38,235 "," 151,045 "
" 143,520 ",112,4,1,3,2,1,0.13,3,9,3,5,7," 21,155 "," 122,365 "
" 162,240 ",21,2,4,3,1,3,0.12,3,18,3,9,6," 28,035 "," 134,205 "
" 124,800 ",26,4,4,4,3,8,0.12,3,6,3,2,1," 18,271 "," 106,529 "
" 79,040 ",52,3,4,3,4,0,0.13,3,3,3,2,2," 11,650 "," 67,390 "
" 158,080 ",30,3,3,3,3,3,0.19,3,18,3,0,0," 33,877 "," 124,203 "
" 135,200 ",39,4,2,3,2,6,0.12,3,8,2,5,4," 23,363 "," 111,837 "
" 120,640 ",69,4,4,2,3,1,0.17,3,31,3,9,0," 25,515 "," 95,125 "
" 185,120 ",120,3,2,4,4,1,0.11,3,6,3,5,1," 26,953 "," 158,167 "
" 137,280 ",45,2,1,3,2,1,0.2,4,6,4,3,1," 31,849 "," 105,431 "
" 195,520 ",26,2,4,2,2,1,0.21,4,1,3,0,0," 44,148 "," 151,372 "
" 205,920 ",45,3,1,3,2,1,0.11,3,32,3,5,10," 28,149 "," 177,771 "
" 83,200 ",121,1,2,3,3,1,0.11,3,7,3,4,0," 12,854 "," 70,346 "
" 114,400 ",71,3,1,3,3,1,0.16,3,6,3,3,1," 22,148 "," 92,252 "
" 153,920 ",23,4,2,2,1,1,0.18,3,1,4,0,0," 30,230 "," 123,690 "
" 172,640 ",59,2,2,2,4,1,0.13,3,6,3,5,1," 31,455 "," 141,185 "
" 95,680 ",45,4,2,3,1,2,0.17,3,9,1,1,1," 21,030 "," 74,650 "
" 112,320 ",95,2,1,2,4,4,0.14,3,9,3,2,0," 20,555 "," 91,765 "
" 137,280 ",26,4,1,4,4,4,0.22,4,13,4,7,5," 36,626 "," 100,654 "
" 137,280 ",108,4,1,2,3,0,0.12,3,6,2,3,0," 22,514 "," 114,766 "
" 156,000 ",39,3,4,3,3,4,0.11,3,17,2,0,1," 19,937 "," 136,063 "
" 172,640 ",96,3,4,2,2,1,0.13,3,1,4,0,0," 28,451 "," 144,189 "
" 168,480 ",31,4,3,3,4,1,0.13,3,10,3,2,2," 30,697 "," 137,783 "
" 104,000 ",54,4,2,2,4,4,0.14,3,21,2,0,0," 19,032 "," 84,968 "
" 89,440 ",104,1,3,3,1,3,0.17,3,8,2,0,0," 18,174 "," 71,266 "
" 149,760 ",58,5,4,3,3,3,0.13,3,10,3,7,4," 27,286 "," 122,474 "
" 83,200 ",117,4,4,2,1,7,0.11,3,21,1,2,0," 10,633 "," 72,567 "
" 104,000 ",10,4,1,2,3,4,0.11,3,10,4,2,0," 13,291 "," 90,709 "
" 64,480 ",42,3,3,3,3,1,0.18,3,8,3,2,0," 13,193 "," 51,287 "
" 176,800 ",54,1,3,3,1,0,0.11,3,5,3,3,0," 24,169 "," 152,631 "
" 101,920 ",73,1,3,3,3,1,0.11,3,3,3,2,1," 14,840 "," 87,080 "
" 72,800 ",44,4,4,3,4,4,0.12,3,26,4,2,0," 10,017 "," 62,783 "
" 143,520 ",23,1,1,3,3,0,0.2,4,3,3,2,2," 35,593 "," 107,927 "
" 81,120 ",113,4,3,3,3,0,0.12,3,6,3,0,1," 11,876 "," 69,244 "
" 191,360 ",56,4,1,3,4,1,0.12,3,6,2,4,0," 33,067 "," 158,293 "
" 147,680 ",77,3,3,3,3,1,0.2,4,1,3,0,0," 36,625 "," 111,055 "
" 70,720 ",69,1,4,3,1,7,0.2,4,18,4,7,8," 16,407 "," 54,313 "
" 87,360 ",111,5,2,3,4,1,0.12,3,10,2,9,8," 12,021 "," 75,339 "
" 208,000 ",81,4,1,3,1,2,0.14,3,5,3,1,0," 34,486 "," 173,514 "
" 147,680 ",51,3,3,3,4,1,0.13,3,3,3,2,0," 25,622 "," 122,058 "
" 74,880 ",114,3,3,3,3,1,0.15,3,10,3,7,7," 12,505 "," 62,375 "
" 128,960 ",9,2,2,3,3,1,0.14,3,6,2,0,1," 20,273 "," 108,687 "
" 170,560 ",64,4,2,1,4,1,0.13,3,17,3,11,11," 31,076 "," 139,484 "
" 62,400 ",95,3,3,3,4,3,0.23,4,15,1,11,4," 17,235 "," 45,165 "
" 183,040 ",65,4,3,3,2,2,0.15,3,16,4,7,7," 30,568 "," 152,472 "
" 99,840 ",71,2,2,2,2,2,0.11,3,13,3,2,0," 13,648 "," 86,192 "
" 112,320 ",77,4,1,2,4,0,0.13,3,5,3,2,1," 18,510 "," 93,810 "
" 66,560 ",84,1,4,3,3,1,0.11,3,1,3,0,1," 9,691 "," 56,869 "
" 145,600 ",109,3,1,3,1,1,0.11,3,10,3,8,9," 19,904 "," 125,696 "
" 85,280 ",53,3,3,2,3,1,0.18,3,1,3,0,0," 18,148 "," 67,132 "
" 120,640 ",31,3,1,4,1,2,0.16,3,5,4,2,0," 23,356 "," 97,284 "
" 118,560 ",88,3,4,4,2,0,0.22,4,4,3,2,1," 28,858 "," 89,702 "
" 95,680 ",122,4,4,2,4,0,0.2,4,8,3,7,0," 22,963 "," 72,717 "
" 158,080 ",46,4,2,1,4,1,0.18,3,10,3,7,2," 34,936 "," 123,144 "
" 116,480 ",113,1,2,4,2,3,0.12,3,12,3,2,2," 19,103 "," 97,377 "
" 147,680 ",36,1,4,4,4,1,0.2,4,6,3,5,0," 33,080 "," 114,600 "
" 166,400 ",22,2,4,4,4,3,0.17,3,4,3,0,0," 33,812 "," 132,588 "
" 153,920 ",52,1,4,4,3,1,0.11,3,20,3,8,3," 19,671 "," 134,249 "
" 95,680 ",108,3,4,2,2,1,0.14,3,9,4,7,7," 15,864 "," 79,816 "
" 135,200 ",15,2,1,3,3,9,0.14,3,4,3,2,2," 21,253 "," 113,947 "
" 166,400 ",90,4,4,2,3,1,0.11,3,20,3,7,11," 25,709 "," 140,691 "
" 114,400 ",77,3,4,3,4,1,0.12,3,10,2,7,0," 15,741 "," 98,659 "
" 104,000 ",96,2,2,3,3,3,0.14,3,18,3,3,1," 19,032 "," 84,968 "
" 68,640 ",43,4,2,4,4,0,0.13,3,10,2,7,1," 10,715 "," 57,925 "
" 141,440 ",119,2,3,3,1,1,0.11,3,9,3,7,0," 21,852 "," 119,588 "
" 81,120 ",92,2,3,3,4,3,0.15,3,10,3,7,7," 16,305 "," 64,815 "
" 87,360 ",42,4,4,3,1,2,0.12,3,20,3,7,1," 13,558 "," 73,802 "
" 99,840 ",110,4,4,2,1,5,0.21,4,20,3,13,1," 24,910 "," 74,930 "
" 122,720 ",89,3,3,4,3,3,0.19,3,32,3,1,1," 29,281 "," 93,439 "
" 151,840 ",41,4,2,2,4,3,0.15,3,23,2,6,12," 25,357 "," 126,483 "
" 174,720 ",115,4,1,3,1,8,0.14,3,10,3,2,2," 33,476 "," 141,244 "
" 66,560 ",83,2,4,3,1,1,0.21,4,9,2,7,1," 16,081 "," 50,479 "
" 122,720 ",60,3,4,2,3,1,0.12,3,22,3,7,2," 19,046 "," 103,674 "
" 112,320 ",36,4,4,3,2,7,0.15,3,4,3,2,2," 19,712 "," 92,608 "
" 139,360 ",45,2,1,1,2,7,0.13,3,10,3,7,3," 25,391 "," 113,969 "
" 131,040 ",88,3,1,4,1,9,0.14,3,10,3,7,0," 22,853 "," 108,187 "
" 168,480 ",57,3,3,3,3,4,0.14,3,10,4,0,0," 29,383 "," 139,097 "
" 101,920 ",51,3,1,1,3,2,0.14,3,9,3,2,1," 19,528 "," 82,392 "
" 101,920 ",48,3,4,3,3,9,0.12,3,28,2,2,11," 17,612 "," 84,308 "
" 205,920 ",41,5,3,3,4,7,0.23,4,10,2,7,7," 50,533 "," 155,387 "
" 205,920 ",56,3,3,3,3,1,0.11,3,1,3,0,0," 29,982 "," 175,938 "
" 118,560 ",44,3,3,4,3,6,0.12,3,7,3,2,2," 17,357 "," 101,203 "
" 97,760 ",51,3,4,2,4,3,0.18,3,7,3,2,2," 21,605 "," 76,155 "
" 199,680 ",50,2,2,3,3,3,0.11,3,10,3,1,4," 29,073 "," 170,607 "
" 76,960 ",36,1,2,3,1,1,0.14,3,5,4,3,0," 13,422 "," 63,538 "
" 91,520 ",82,3,3,4,2,9,0.15,3,12,1,3,3," 18,396 "," 73,124 "
" 168,480 ",17,3,3,3,4,7,0.11,3,30,2,7,1," 23,031 "," 145,449 "
" 178,880 ",64,1,4,2,4,0,0.2,4,5,2,2,2," 40,069 "," 138,811 "
" 114,400 ",66,3,4,2,1,8,0.19,3,9,1,6,0," 27,296 "," 87,104 "
" 172,640 ",34,3,4,3,2,1,0.14,3,2,3,2,2," 28,624 "," 144,016 "
" 178,880 ",25,3,4,3,4,2,0.17,3,19,3,2,2," 34,864 "," 144,016 "
" 126,880 ",70,4,4,3,1,2,0.11,3,16,4,0,0," 19,603 "," 107,277 "
" 166,400 ",29,4,1,3,4,1,0.15,3,10,3,8,4," 33,446 "," 132,954 "
" 191,360 ",106,5,4,3,3,6,0.13,3,6,1,0,0," 29,871 "," 161,489 "
" 66,560 ",70,5,2,3,1,3,0.14,3,7,3,0,0," 10,463 "," 56,097 "
" 64,480 ",60,4,3,2,1,1,0.11,3,34,4,6,1," 9,388 "," 55,092 "
" 131,040 ",90,4,4,3,4,1,0.13,3,10,2,9,7," 21,595 "," 109,445 "
" 66,560 ",17,1,3,3,4,1,0.23,4,6,2,5,1," 18,384 "," 48,176 "
" 95,680 ",46,2,2,1,3,0,0.13,3,9,3,7,3," 14,103 "," 81,577 "
" 164,320 ",62,1,1,4,3,1,0.18,3,2,3,2,0," 34,967 "," 129,353 "
" 160,160 ",94,2,2,4,3,4,0.12,3,8,3,4,1," 27,676 "," 132,484 "
" 124,800 ",56,3,4,3,4,1,0.22,4,6,3,5,1," 32,323 "," 92,477 "
" 162,240 ",46,3,4,3,1,5,0.13,3,24,3,2,1," 23,914 "," 138,326 "
" 158,080 ",117,4,1,2,1,1,0.15,3,10,3,7,0," 30,430 "," 127,650 "
" 85,280 ",18,4,4,3,4,0,0.18,3,5,3,3,1," 17,448 "," 67,832 "
" 147,680 ",36,2,1,1,4,3,0.14,3,5,3,2,2," 28,295 "," 119,385 "
" 137,280 ",111,3,2,3,3,4,0.12,3,11,2,7,1," 20,098 "," 117,182 "
" 79,040 ",112,3,4,2,1,6,0.17,3,6,2,3,1," 16,061 "," 62,979 "
" 149,760 ",25,4,2,4,4,2,0.16,3,10,3,2,1," 28,994 "," 120,766 "
" 197,600 ",102,4,4,3,1,9,0.11,3,9,3,3,1," 32,288 "," 165,312 "
" 174,720 ",79,1,3,3,4,0,0.19,3,5,3,2,1," 40,273 "," 134,447 "
" 170,560 ",67,1,4,3,1,0,0.13,3,6,2,3,4," 28,108 "," 142,452 "
" 156,000 ",75,4,1,4,1,6,0.12,3,17,3,7,4," 21,466 "," 134,534 "
" 178,880 ",57,4,3,2,1,1,0.11,3,6,3,5,1," 27,637 "," 151,243 "
" 149,760 ",10,4,1,3,4,1,0.16,3,3,2,2,0," 26,478 "," 123,282 "
" 79,040 ",119,3,4,1,3,3,0.21,4,7,3,2,0," 20,345 "," 58,695 "
" 79,040 ",87,2,3,4,2,1,0.24,4,8,3,7,3," 21,372 "," 57,668 "
" 193,440 ",109,2,3,3,1,5,0.17,3,6,3,2,1," 42,518 "," 150,922 "
" 137,280 ",77,3,2,3,4,1,0.13,3,24,2,7,14," 25,012 "," 112,268 "
" 131,040 ",104,3,3,4,1,1,0.21,4,1,3,0,0," 29,589 "," 101,451 "
" 124,800 ",34,3,3,2,2,1,0.11,3,1,3,0,0," 18,171 "," 106,629 "
" 170,560 ",91,4,4,3,3,8,0.2,4,9,3,2,1," 38,205 "," 132,355 "
" 133,120 ",38,3,3,3,3,5,0.16,3,30,3,3,0," 23,536 "," 109,584 "
" 74,880 ",19,2,2,2,1,1,0.11,3,1,3,0,0," 10,236 "," 64,644 "
" 101,920 ",57,3,3,3,3,0,0.11,3,14,4,9,3," 15,747 "," 86,173 "
" 143,520 ",118,3,1,3,1,5,0.15,3,6,3,2,0," 25,188 "," 118,332 "
" 68,640 ",58,2,3,3,4,1,0.11,3,26,2,14,3," 11,216 "," 57,424 "
" 72,800 ",39,3,3,3,2,0,0.15,3,10,3,7,0," 12,158 "," 60,642 "
" 168,480 ",41,2,3,4,3,1,0.24,4,10,3,7,0," 42,996 "," 125,484 "
" 64,480 ",42,4,4,3,2,7,0.12,3,40,3,15,13," 10,575 "," 53,905 "
" 83,200 ",73,4,4,4,3,3,0.13,3,7,3,2,2," 12,264 "," 70,936 "
" 89,440 ",24,2,4,2,4,9,0.13,3,8,3,3,0," 14,740 "," 74,700 "
" 95,680 ",21,4,3,3,3,6,0.17,3,5,2,2,2," 19,442 "," 76,238 "
" 74,880 ",68,3,3,3,2,4,0.13,3,8,3,2,0," 13,643 "," 61,237 "
" 203,840 ",77,3,3,2,3,1,0.12,3,14,3,13,6," 29,842 "," 173,998 "
" 106,080 ",96,4,1,2,3,6,0.14,3,10,3,0,0," 17,588 "," 88,492 "
" 108,160 ",49,3,3,2,4,5,0.24,4,12,2,0,0," 30,890 "," 77,270 "
" 197,600 ",120,3,2,2,3,1,0.14,3,1,3,0,0," 34,461 "," 163,139 "
" 203,840 ",83,3,2,3,2,1,0.13,3,10,2,8,7," 31,819 "," 172,021 "
" 93,600 ",22,3,1,2,1,2,0.15,3,13,2,3,1," 17,222 "," 76,378 "
" 208,000 ",66,4,3,2,4,1,0.16,3,6,3,2,1," 43,763 "," 164,237 "
" 89,440 ",28,3,3,3,4,1,0.18,3,9,4,8,7," 18,299 "," 71,141 "
" 76,960 ",55,1,3,3,4,4,0.16,3,12,2,7,7," 13,607 "," 63,353 "
" 195,520 ",46,2,2,3,1,6,0.24,4,22,3,1,1," 49,897 "," 145,623 "
" 87,360 ",119,1,3,2,4,1,0.16,3,9,3,8,0," 16,913 "," 70,447 "
" 122,720 ",31,3,3,3,3,3,0.21,4,17,4,5,1," 31,588 "," 91,132 "
" 168,480 ",10,4,2,3,2,1,0.2,4,8,3,7,7," 37,740 "," 130,740 "
" 183,040 ",9,2,3,3,4,0,0.19,3,4,1,2,0," 39,225 "," 143,815 "
" 183,040 ",44,2,3,2,3,1,0.14,3,8,3,7,1," 31,922 "," 151,118 "
" 104,000 ",107,3,4,3,4,1,0.11,3,0,2,0,0," 16,068 "," 87,932 "
" 137,280 ",10,4,1,3,3,2,0.14,3,29,2,6,4," 26,303 "," 110,977 "
" 104,000 ",101,3,4,3,2,9,0.12,3,10,2,2,2," 16,141 "," 87,859 "
" 135,200 ",58,1,1,4,1,7,0.13,3,6,2,3,0," 23,457 "," 111,743 "
" 99,840 ",98,3,1,4,1,1,0.22,4,9,3,8,0," 25,080 "," 74,760 "
" 110,240 ",49,1,3,2,1,1,0.11,3,6,2,5,1," 16,051 "," 94,189 "
" 116,480 ",58,2,2,3,4,1,0.14,3,18,2,14,4," 18,311 "," 98,169 "
" 151,840 ",12,4,2,3,4,2,0.11,3,8,2,2,0," 19,405 "," 132,435 "
" 156,000 ",98,4,2,2,4,9,0.12,3,10,2,4,0," 24,211 "," 131,789 "
" 162,240 ",63,2,1,2,4,7,0.18,3,35,3,2,0," 35,855 "," 126,385 "
" 153,920 ",116,3,4,3,1,4,0.12,3,18,3,4,0," 23,888 "," 130,032 "
" 189,280 ",21,2,3,4,3,5,0.12,3,9,2,3,1," 32,708 "," 156,572 "
" 168,480 ",76,4,3,2,4,3,0.22,4,31,3,8,0," 41,008 "," 127,472 "
" 137,280 ",35,4,4,2,3,4,0.19,3,9,3,0,0," 28,307 "," 108,973 "
" 131,040 ",68,2,2,2,4,1,0.13,3,6,3,1,0," 19,315 "," 111,725 "
" 68,640 ",90,2,4,2,4,6,0.22,4,4,1,2,2," 17,778 "," 50,862 "
" 128,960 ",57,4,1,4,4,2,0.24,4,10,2,2,0," 36,831 "," 92,129 "
" 72,800 ",34,1,2,3,4,5,0.14,3,8,3,1,2," 13,948 "," 58,852 "
" 160,160 ",29,3,1,2,1,0,0.21,4,6,3,4,0," 39,960 "," 120,200 "
" 203,840 ",38,1,3,3,1,1,0.18,3,5,3,3,0," 41,706 "," 162,134 "
" 137,280 ",69,3,4,2,3,1,0.2,4,17,3,14,5," 34,045 "," 103,235 "
" 199,680 ",47,4,4,3,2,1,0.19,3,10,2,2,7," 46,026 "," 153,654 "
" 126,880 ",76,3,4,3,4,0,0.12,3,4,3,0,0," 18,575 "," 108,305 "
" 180,960 ",77,1,3,2,1,1,0.12,3,5,4,2,0," 31,270 "," 149,690 "
" 74,880 ",27,3,3,3,1,2,0.16,3,7,3,2,0," 15,126 "," 59,754 "
" 95,680 ",33,1,1,2,4,0,0.17,3,6,2,2,3," 18,648 "," 77,032 "
" 99,840 ",45,2,2,3,2,1,0.14,3,10,3,8,5," 16,553 "," 83,287 "
" 203,840 ",101,3,2,2,2,0,0.19,3,3,3,2,1," 45,334 "," 158,506 "
" 197,600 ",58,3,3,4,4,2,0.13,3,17,2,3,1," 32,564 "," 165,036 "
" 99,840 ",66,4,4,3,4,3,0.19,3,8,3,4,0," 21,396 "," 78,444 "
" 99,840 ",19,3,2,2,3,6,0.19,3,5,3,2,0," 23,013 "," 76,827 "
" 151,840 ",23,3,1,3,4,5,0.14,3,28,3,0,2," 27,787 "," 124,053 "
" 162,240 ",49,3,4,2,2,3,0.16,3,16,3,10,4," 32,772 "," 129,468 "
" 112,320 ",67,2,3,3,4,5,0.15,3,10,3,4,0," 22,576 "," 89,744 "
" 149,760 ",81,4,4,3,4,6,0.18,3,33,3,9,3," 31,869 "," 117,891 "
" 68,640 ",77,3,4,3,4,4,0.13,3,12,2,2,2," 10,118 "," 58,522 "
" 72,800 ",29,2,3,3,4,0,0.22,4,8,3,6,7," 18,855 "," 53,945 "
" 66,560 ",18,2,1,3,2,1,0.13,3,10,3,0,0," 12,127 "," 54,433 "
" 203,840 ",121,4,1,3,1,1,0.11,3,31,3,6,14," 29,679 "," 174,161 "
" 87,360 ",60,3,4,2,4,8,0.11,3,13,3,4,0," 11,165 "," 76,195 "
" 118,560 ",79,2,4,3,2,3,0.11,3,7,4,3,0," 19,373 "," 99,187 "
" 180,960 ",100,4,1,3,4,1,0.24,4,1,1,0,0," 51,682 "," 129,278 "
" 128,960 ",23,1,1,2,4,6,0.14,3,8,3,3,0," 22,491 "," 106,469 "
" 126,880 ",38,2,2,3,1,1,0.13,3,8,3,7,7," 23,118 "," 103,762 "
" 203,840 ",104,4,1,3,4,1,0.14,3,4,3,2,0," 37,303 "," 166,537 "
" 118,560 ",76,1,4,2,4,9,0.14,3,3,2,0,0," 20,677 "," 97,883 "
" 114,400 ",86,3,1,3,2,4,0.21,4,4,4,0,0," 29,447 "," 84,953 "
" 101,920 ",12,3,3,2,3,1,0.13,3,2,2,2,0," 15,910 "," 86,010 "
" 135,200 ",91,1,4,3,4,1,0.19,3,1,2,0,0," 30,068 "," 105,132 "
" 141,440 ",82,1,3,3,4,0,0.17,3,17,2,8,4," 28,741 "," 112,699 "
" 135,200 ",88,4,4,2,4,1,0.18,3,3,2,2,1," 26,553 "," 108,647 "
" 70,720 ",117,1,2,3,3,0,0.19,3,4,4,2,0," 15,728 "," 54,992 "
" 118,560 ",41,4,2,1,4,4,0.13,3,10,2,7,1," 19,539 "," 99,021 "
" 160,160 ",69,3,3,3,3,5,0.18,3,6,3,2,2," 35,395 "," 124,765 "
" 145,600 ",83,3,4,3,1,7,0.21,4,8,1,2,2," 35,177 "," 110,423 "
" 158,080 ",61,3,2,3,3,1,0.19,3,1,3,1,0," 36,437 "," 121,643 "
" 172,640 ",95,3,2,3,2,1,0.14,3,1,3,0,1," 30,108 "," 142,532 "
" 141,440 ",60,2,3,2,3,7,0.17,3,10,3,4,0," 27,567 "," 113,873 "
" 208,000 ",26,4,3,2,1,3,0.11,3,6,3,2,0," 26,582 "," 181,418 "
" 76,960 ",47,3,3,2,2,2,0.13,3,24,3,0,0," 13,353 "," 63,607 "
" 85,280 ",88,4,2,2,3,3,0.15,3,13,4,7,5," 17,141 "," 68,139 "
" 106,080 ",18,1,4,3,4,1,0.25,4,10,1,6,0," 31,294 "," 74,786 "
" 106,080 ",36,2,1,3,2,4,0.11,3,29,2,9,1," 13,557 "," 92,523 "
" 106,080 ",10,4,4,3,3,4,0.17,3,13,2,0,0," 22,436 "," 83,644 "
" 93,600 ",27,2,4,3,3,1,0.13,3,9,2,8,0," 13,797 "," 79,803 "
" 135,200 ",37,4,2,3,4,2,0.18,3,8,3,2,0," 29,879 "," 105,321 "
" 166,400 ",57,3,4,3,1,1,0.13,3,15,3,12,5," 24,527 "," 141,873 "
" 145,600 ",62,3,3,2,2,6,0.2,4,5,3,0,0," 32,614 "," 112,986 "
" 74,880 ",27,2,3,2,2,1,0.18,3,1,3,0,0," 15,320 "," 59,560 "
" 139,360 ",101,4,1,2,2,2,0.12,3,11,2,0,0," 19,176 "," 120,184 "
" 108,160 ",33,3,3,2,1,1,0.12,3,7,3,7,0," 15,835 "," 92,325 "
" 122,720 ",47,3,4,3,1,2,0.13,3,20,3,13,2," 21,292 "," 101,428 "
" 164,320 ",99,4,3,3,3,4,0.21,4,16,3,8,3," 42,296 "," 122,024 "
" 76,960 ",86,3,4,2,2,1,0.13,3,1,4,0,0," 12,013 "," 64,947 "
" 174,720 ",95,3,1,3,1,1,0.19,3,1,3,0,0," 38,858 "," 135,862 "
" 85,280 ",52,3,4,3,4,0,0.11,3,10,1,7,8," 13,935 "," 71,345 "
" 72,800 ",32,4,4,3,2,8,0.14,3,3,3,1,0," 12,070 "," 60,730 "
" 193,440 ",71,4,3,3,1,1,0.12,3,8,4,7,6," 30,022 "," 163,418 "
" 106,080 ",9,1,3,2,4,1,0.11,3,16,3,7,3," 14,501 "," 91,579 "
" 87,360 ",15,3,2,2,4,0,0.14,3,6,3,0,1," 13,733 "," 73,627 "
" 95,680 ",48,4,1,2,3,5,0.11,3,17,1,1,11," 13,931 "," 81,749 "
" 118,560 ",58,2,3,3,2,1,0.12,3,9,2,7,0," 19,444 "," 99,116 "
" 174,720 ",28,3,3,3,4,1,0.15,3,3,3,1,0," 33,634 "," 141,086 "
" 178,880 ",108,3,3,3,3,1,0.16,3,5,3,2,1," 33,129 "," 145,751 "
" 145,600 ",51,2,4,3,4,2,0.15,3,26,2,8,7," 25,553 "," 120,047 "
" 106,080 ",48,3,4,3,3,4,0.24,4,7,3,0,0," 29,490 "," 76,590 "
" 93,600 ",98,2,3,3,3,6,0.13,3,22,4,13,15," 16,240 "," 77,360 "
" 128,960 ",90,2,3,3,3,5,0.11,3,10,4,4,7," 17,629 "," 111,331 "
" 176,800 ",64,3,3,3,4,1,0.13,3,6,3,3,1," 32,213 "," 144,587 "
" 191,360 ",39,4,4,3,4,6,0.13,3,12,3,9,0," 34,866 "," 156,494 "
" 85,280 ",71,5,1,4,3,0,0.18,3,9,3,7,0," 18,148 "," 67,132 "
" 208,000 ",33,3,2,4,2,4,0.16,3,22,2,0,0," 40,269 "," 167,731 "
" 133,120 ",80,4,3,4,3,1,0.19,3,20,4,10,2," 29,606 "," 103,514 "
" 174,720 ",62,4,1,3,4,4,0.13,3,12,3,7,0," 25,754 "," 148,966 "
" 95,680 ",16,2,3,2,1,0,0.22,4,4,3,2,1," 22,542 "," 73,138 "
" 79,040 ",15,3,4,3,3,1,0.11,3,10,3,8,6," 10,805 "," 68,235 "
" 191,360 ",16,3,4,2,1,6,0.2,4,3,3,0,0," 42,865 "," 148,495 "
" 110,240 ",43,1,2,3,4,3,0.18,3,5,3,2,0," 22,555 "," 87,685 "
" 189,280 ",101,4,4,3,4,3,0.14,3,8,3,3,0," 34,638 "," 154,642 "
" 137,280 ",110,2,4,3,4,9,0.22,4,32,2,4,1," 32,343 "," 104,937 "
" 174,720 ",21,4,3,4,2,1,0.13,3,6,3,5,1," 25,754 "," 148,966 "
" 133,120 ",103,3,1,3,3,2,0.17,3,21,4,16,0," 29,260 "," 103,860 "
" 76,960 ",56,4,3,3,2,9,0.14,3,4,3,2,2," 12,760 "," 64,200 "
" 87,360 ",20,2,4,3,1,1,0.15,3,9,3,8,0," 14,589 "," 72,771 "
" 172,640 ",70,2,4,3,4,1,0.17,3,9,3,0,0," 35,080 "," 137,560 "
" 99,840 ",16,3,1,3,3,4,0.11,3,7,3,2,0," 14,537 "," 85,303 "
" 197,600 ",66,3,4,3,3,3,0.18,3,22,3,11,1," 43,670 "," 153,930 "
" 137,280 ",9,1,3,3,3,0,0.17,3,3,2,1,0," 25,616 "," 111,664 "
" 156,000 ",11,2,4,3,3,6,0.13,3,13,3,7,0," 24,352 "," 131,648 "
" 85,280 ",82,1,4,2,3,1,0.15,3,5,3,2,3," 17,141 "," 68,139 "
" 81,120 ",27,4,3,2,2,1,0.24,4,5,1,2,0," 21,318 "," 59,802 "
" 199,680 ",33,1,3,3,1,1,0.12,3,4,3,3,0," 27,476 "," 172,204 "
" 151,840 ",53,2,2,3,4,1,0.15,3,0,3,0,0," 26,648 "," 125,192 "
" 116,480 ",69,3,3,3,3,8,0.11,3,22,3,7,0," 19,033 "," 97,447 "
" 118,560 ",14,4,3,3,3,1,0.11,3,16,2,10,10," 17,262 "," 101,298 "
" 151,840 ",47,2,2,4,1,0,0.12,3,9,2,7,1," 20,893 "," 130,947 "
" 203,840 ",49,3,4,2,1,1,0.15,3,1,3,0,0," 34,041 "," 169,799 "
" 124,800 ",46,3,2,3,2,0,0.17,3,4,3,2,1," 24,324 "," 100,476 "
" 66,560 ",86,2,4,4,4,1,0.12,3,8,3,7,1," 11,502 "," 55,058 "
" 195,520 ",115,1,2,1,1,1,0.15,3,4,2,3,1," 39,300 "," 156,220 "
" 201,760 ",78,3,1,2,3,2,0.13,3,19,3,2,2," 31,495 "," 170,265 "
" 162,240 ",58,4,3,2,3,7,0.14,3,27,3,11,4," 29,690 "," 132,550 "
" 87,360 ",16,2,4,3,3,6,0.14,3,8,3,2,2," 15,987 "," 71,373 "
" 135,200 ",63,1,4,2,4,1,0.16,3,21,3,6,11," 26,175 "," 109,025 "
" 97,760 ",21,4,1,3,4,0,0.18,3,4,3,2,2," 19,200 "," 78,560 "
" 93,600 ",108,3,2,3,4,1,0.2,4,3,2,2,1," 20,218 "," 73,382 "
" 187,200 ",18,2,4,3,3,6,0.13,3,21,4,0,0," 30,851 "," 156,349 "
" 133,120 ",50,3,1,3,4,4,0.18,3,8,3,0,0," 29,420 "," 103,700 "
" 143,520 ",53,3,3,2,4,3,0.13,3,30,3,3,4," 23,652 "," 119,868 "
" 126,880 ",95,2,1,1,2,5,0.15,3,15,1,0,0," 23,346 "," 103,534 "
" 128,960 ",50,4,3,3,2,3,0.14,3,17,3,7,6," 21,382 "," 107,578 "
" 114,400 ",102,1,2,1,3,1,0.22,4,21,3,16,5," 28,737 "," 85,663 "
" 87,360 ",40,4,2,3,4,8,0.12,3,19,3,0,0," 12,021 "," 75,339 "
" 164,320 ",41,2,2,1,1,8,0.18,3,7,3,2,2," 37,662 "," 126,658 "
" 118,560 ",95,1,1,1,4,1,0.15,3,33,3,14,6," 23,831 "," 94,729 "
" 110,240 ",93,3,4,4,4,3,0.18,3,23,3,11,11," 25,267 "," 84,973 "
" 197,600 ",68,3,4,3,3,0,0.12,3,19,3,7,0," 27,190 "," 170,410 "
" 89,440 ",84,4,3,4,1,1,0.16,3,18,3,13,15," 16,564 "," 72,876 "
" 170,560 ",23,3,4,3,1,1,0.13,3,21,3,6,2," 26,624 "," 143,936 "
" 183,040 ",97,1,2,2,4,0,0.19,3,3,2,2,2," 37,743 "," 145,297 "
" 187,200 ",74,2,4,3,4,3,0.13,3,26,4,3,1," 30,851 "," 156,349 "
" 143,520 ",15,4,4,3,3,9,0.12,3,10,3,7,7," 23,537 "," 119,983 "
" 156,000 ",16,4,2,4,4,0,0.11,3,16,2,1,0," 22,714 "," 133,286 "
" 137,280 ",90,2,2,3,4,3,0.14,3,14,1,4,0," 26,303 "," 110,977 "
" 74,880 ",40,4,2,3,2,1,0.16,3,6,3,3,0," 14,497 "," 60,383 "
" 79,040 ",111,3,3,2,2,2,0.12,3,30,3,7,6," 11,571 "," 67,469 "
" 168,480 ",109,3,1,3,3,7,0.14,3,9,2,0,0," 30,832 "," 137,648 "
" 118,560 ",32,3,1,3,1,6,0.14,3,6,3,2,1," 20,677 "," 97,883 "
" 180,960 ",106,4,3,3,3,1,0.19,3,1,3,1,0," 38,780 "," 142,180 "
" 153,920 ",14,1,4,3,2,1,0.22,4,1,3,0,0," 38,665 "," 115,255 "
" 91,520 ",94,4,3,3,3,3,0.16,3,8,3,2,2," 16,181 "," 75,339 "
" 128,960 ",36,4,2,3,3,2,0.11,3,29,2,1,7," 16,481 "," 112,479 "
" 72,800 ",17,3,4,3,2,3,0.15,3,8,2,3,0," 14,014 "," 58,786 "
" 153,920 ",82,3,3,3,1,1,0.14,3,8,2,7,7," 25,520 "," 128,400 "
" 137,280 ",19,1,1,2,3,1,0.13,3,5,3,3,1," 25,012 "," 112,268 "
" 83,200 ",62,4,4,3,4,9,0.17,3,23,3,2,2," 15,525 "," 67,675 "
" 85,280 ",98,4,3,2,3,6,0.11,3,13,3,4,7," 13,176 "," 72,104 "
" 131,040 ",122,3,1,3,3,2,0.19,3,18,3,4,0," 30,205 "," 100,835 "
" 106,080 ",31,5,4,2,4,0,0.11,3,15,2,8,7," 14,501 "," 91,579 "
" 83,200 ",20,1,3,2,1,7,0.15,3,31,4,7,6," 13,894 "," 69,306 "
" 164,320 ",39,3,3,2,4,5,0.13,3,18,3,0,0," 24,221 "," 140,099 "
" 112,320 ",79,3,4,3,4,1,0.14,3,2,3,2,0," 18,623 "," 93,697 "
" 74,880 ",36,3,3,2,1,1,0.13,3,1,2,0,1," 12,992 "," 61,888 "
" 153,920 ",67,4,4,2,1,8,0.23,4,19,3,13,1," 37,772 "," 116,148 "
" 70,720 ",8,4,1,3,3,9,0.12,3,18,4,0,2," 10,353 "," 60,367 "
" 149,760 ",55,2,2,2,1,1,0.12,3,10,2,7,1," 21,925 "," 127,835 "
" 122,720 ",13,2,1,2,1,1,0.16,3,6,3,3,1," 23,759 "," 98,961 "
" 176,800 ",52,3,3,3,1,0,0.15,3,7,2,2,0," 34,034 "," 142,766 "
" 89,440 ",9,2,2,4,3,1,0.13,3,10,3,6,0," 14,740 "," 74,700 "
" 135,200 ",111,1,3,2,3,0,0.18,3,20,2,9,1," 29,879 "," 105,321 "
" 126,880 ",74,4,1,3,4,4,0.2,4,14,3,10,11," 30,451 "," 96,429 "
" 180,960 ",66,5,1,1,3,1,0.19,3,3,3,2,1," 40,246 "," 140,714 "
" 135,200 ",98,1,4,3,2,3,0.18,3,23,3,2,1," 26,553 "," 108,647 "
" 122,720 ",105,3,3,3,3,3,0.13,3,10,4,7,1," 22,360 "," 100,360 "
" 189,280 ",98,2,2,2,1,9,0.14,3,24,3,6,3," 34,638 "," 154,642 "
" 70,720 ",24,3,4,2,4,4,0.15,3,9,3,2,1," 13,012 "," 57,708 "
" 178,880 ",66,3,4,3,1,0,0.22,4,9,3,7,4," 46,330 "," 132,550 "
" 112,320 ",81,4,1,2,3,1,0.22,4,14,3,7,3," 29,967 "," 82,353 "
" 104,000 ",68,2,1,3,3,1,0.16,3,4,2,2,2," 20,134 "," 83,866 "
" 93,600 ",96,1,1,3,4,0,0.17,3,7,2,2,0," 20,573 "," 73,027 "
" 183,040 ",122,4,4,2,4,2,0.14,3,8,3,0,0," 33,496 "," 149,544 "
" 66,560 ",83,1,4,3,4,1,0.15,3,7,4,7,5," 11,116 "," 55,444 "
" 76,960 ",64,3,1,3,3,1,0.2,4,1,2,1,0," 17,855 "," 59,105 "
" 114,400 ",73,3,1,2,2,4,0.2,4,5,3,2,2," 27,456 "," 86,944 "
" 72,800 ",12,2,4,3,1,0,0.17,3,23,3,6,13," 14,793 "," 58,007 "
" 93,600 ",61,3,1,2,2,1,0.15,3,1,3,0,0," 17,222 "," 76,378 "
" 168,480 ",87,4,4,3,3,3,0.14,3,5,3,0,0," 27,934 "," 140,546 "
" 62,400 ",101,3,4,3,2,0,0.17,3,4,3,2,0," 13,198 "," 49,202 "
" 83,200 ",110,4,3,2,4,3,0.17,3,6,3,0,0," 16,216 "," 66,984 "
" 72,800 ",22,4,1,4,4,2,0.22,4,27,2,4,2," 17,152 "," 55,648 "
" 135,200 ",18,4,2,2,3,1,0.13,3,15,3,10,4," 24,633 "," 110,567 "
" 180,960 ",38,4,2,3,2,7,0.19,3,18,3,6,4," 43,177 "," 137,783 "
" 151,840 ",91,4,3,2,3,0,0.14,3,9,3,7,2," 29,093 "," 122,747 "
" 193,440 ",95,4,3,3,4,4,0.22,4,11,3,5,1," 48,592 "," 144,848 "
" 193,440 ",37,3,4,3,2,0,0.17,3,10,2,7,1," 40,913 "," 152,527 "
" 108,160 ",30,1,1,3,3,3,0.12,3,23,3,9,4," 15,835 "," 92,325 "
" 66,560 ",109,2,4,3,2,7,0.16,3,10,3,0,0," 11,768 "," 54,792 "
" 172,640 ",45,3,3,3,1,8,0.11,3,18,3,7,0," 28,209 "," 144,431 "
" 174,720 ",72,3,1,3,4,7,0.11,3,21,3,7,11," 25,439 "," 149,281 "
" 91,520 ",117,3,3,2,3,1,0.14,3,21,4,7,4," 15,174 "," 76,346 "
" 145,600 ",10,1,4,2,2,1,0.11,3,2,4,2,2," 23,791 "," 121,809 "
" 145,600 ",86,3,3,3,2,9,0.15,3,9,2,4,0," 29,266 "," 116,334 "
" 162,240 ",14,4,1,3,4,2,0.2,4,18,3,9,0," 38,938 "," 123,302 "
" 139,360 ",66,3,3,4,4,0,0.12,3,3,3,2,2," 20,402 "," 118,958 "
" 139,360 ",81,1,1,2,2,0,0.17,3,6,1,3,0," 30,631 "," 108,729 "
" 112,320 ",108,2,4,3,4,1,0.11,3,5,3,2,0," 16,354 "," 95,966 "
" 116,480 ",76,4,4,2,2,6,0.17,3,22,3,8,2," 21,735 "," 94,745 "
" 197,600 ",113,2,4,3,3,2,0.11,3,5,2,2,0," 28,771 "," 168,829 "
" 126,880 ",59,3,4,3,2,0,0.14,3,8,2,5,1," 23,219 "," 103,661 "
" 116,480 ",68,3,2,1,4,4,0.19,3,16,3,0,0," 25,905 "," 90,575 "
" 164,320 ",78,1,2,2,4,1,0.15,3,10,2,7,1," 33,028 "," 131,292 "
" 76,960 ",65,3,3,4,3,1,0.13,3,7,4,6,5," 12,683 "," 64,277 "
" 81,120 ",46,3,3,2,3,1,0.14,3,3,3,1,0," 13,450 "," 67,670 "
" 166,400 ",18,1,3,3,3,1,0.12,3,0,3,0,0," 25,825 "," 140,575 "
" 160,160 ",54,4,1,3,1,0,0.17,3,6,3,2,0," 35,203 "," 124,957 "
" 95,680 ",97,4,2,3,4,3,0.11,3,6,3,0,0," 14,783 "," 80,897 "
" 149,760 ",13,3,3,3,3,1,0.12,3,2,2,2,2," 21,925 "," 127,835 "
" 108,160 ",67,2,3,2,4,7,0.13,3,9,3,2,1," 18,766 "," 89,394 "
" 114,400 ",100,3,4,2,3,1,0.13,3,4,3,2,2," 16,863 "," 97,537 "
" 145,600 ",57,1,2,3,3,1,0.2,4,6,2,5,1," 33,779 "," 111,821 "
" 208,000 ",69,4,3,3,3,1,0.17,3,6,1,4,1," 38,813 "," 169,187 "
" 93,600 ",113,1,4,2,1,1,0.13,3,11,1,8,3," 14,611 "," 78,989 "
" 183,040 ",10,4,2,3,3,9,0.17,3,20,2,7,2," 34,155 "," 148,885 "
" 91,520 ",9,3,3,3,1,0,0.12,3,22,2,9,13," 14,204 "," 77,316 "
" 93,600 ",60,4,2,3,1,7,0.13,3,9,4,4,1," 17,054 "," 76,546 "
" 120,640 ",23,4,4,2,3,6,0.12,3,10,3,0,1," 18,723 "," 101,917 "
" 101,920 ",95,3,4,3,2,8,0.22,4,6,3,3,1," 24,012 "," 77,908 "
" 164,320 ",91,1,3,3,4,1,0.11,3,1,2,1,0," 23,925 "," 140,395 "
" 170,560 ",29,4,1,4,4,1,0.22,4,8,3,7,0," 44,175 "," 126,385 "
" 149,760 ",35,3,3,2,3,1,0.18,3,10,3,3,1," 34,325 "," 115,435 "
" 191,360 ",86,2,3,2,4,3,0.13,3,16,1,1,0," 28,206 "," 163,154 "
" 91,520 ",105,3,3,2,2,2,0.18,3,15,4,7,6," 20,226 "," 71,294 "
" 201,760 ",41,3,4,2,1,0,0.2,4,14,3,9,4," 50,036 "," 151,724 "
" 97,760 ",46,4,4,2,4,1,0.13,3,2,4,2,2," 16,111 "," 81,649 "
" 176,800 ",97,3,1,1,3,8,0.13,3,7,2,3,1," 27,598 "," 149,202 "
" 158,080 ",78,1,3,3,1,1,0.12,3,1,3,0,0," 23,143 "," 134,937 "
" 191,360 ",102,4,4,3,1,4,0.13,3,28,3,2,4," 29,871 "," 161,489 "
" 112,320 ",51,1,2,3,4,1,0.13,3,10,3,8,0," 17,533 "," 94,787 "
" 112,320 ",113,2,3,3,1,1,0.25,4,1,3,1,0," 32,292 "," 80,028 "
" 172,640 ",43,3,1,3,3,4,0.19,3,7,2,2,0," 38,395 "," 134,245 "
" 116,480 ",34,3,4,2,4,1,0.13,3,14,2,8,3," 17,169 "," 99,311 "
" 180,960 ",9,3,1,2,3,1,0.12,3,2,2,2,1," 28,085 "," 152,875 "
" 199,680 ",95,4,3,3,3,1,0.11,3,6,3,4,0," 27,296 "," 172,384 "
" 104,000 ",110,2,4,3,3,3,0.18,3,26,3,7,4," 20,426 "," 83,574 "
" 143,520 ",115,1,2,1,4,0,0.18,3,6,2,4,1," 28,187 "," 115,333 "
" 99,840 ",77,4,3,2,4,0,0.11,3,1,3,0,0," 12,760 "," 87,080 "
" 143,520 ",112,3,3,3,1,8,0.23,4,28,3,15,15," 38,535 "," 104,985 "
" 153,920 ",107,3,4,1,3,2,0.13,3,6,3,0,0," 28,044 "," 125,876 "
" 205,920 ",28,3,2,3,3,1,0.13,3,5,3,4,1," 30,353 "," 175,567 "
" 197,600 ",102,2,1,2,1,6,0.17,3,5,1,0,0," 43,432 "," 154,168 "
" 126,880 ",111,4,3,3,1,8,0.19,3,8,3,3,0," 27,190 "," 99,690 "
" 128,960 ",66,4,2,3,2,5,0.12,3,5,3,0,0," 22,284 "," 106,676 "
" 62,400 ",62,3,4,3,1,2,0.22,4,32,3,2,2," 15,675 "," 46,725 "
" 162,240 ",97,4,4,2,1,1,0.12,3,6,3,5,3," 25,180 "," 137,060 "
" 108,160 ",114,2,4,3,2,5,0.11,3,25,3,2,0," 17,673 "," 90,487 "
" 195,520 ",45,4,3,3,1,3,0.15,3,15,3,7,1," 34,314 "," 161,206 "
" 201,760 ",104,2,4,3,2,1,0.13,3,1,1,0,0," 36,761 "," 164,999 "
" 170,560 ",90,3,2,3,3,1,0.12,3,10,2,7,0," 29,473 "," 141,087 "
" 124,800 ",16,4,3,1,3,1,0.14,3,7,3,7,1," 19,619 "," 105,181 "
" 101,920 ",20,4,3,3,3,1,0.13,3,10,2,7,8," 15,023 "," 86,897 "
" 66,560 ",35,4,4,3,4,1,0.25,4,20,3,11,13," 19,136 "," 47,424 "
" 89,440 ",108,3,3,4,4,1,0.17,3,2,3,1,2," 16,690 "," 72,750 "
" 124,800 ",101,4,4,3,4,2,0.11,3,12,2,3,1," 15,949 "," 108,851 "
" 164,320 ",70,5,4,4,1,7,0.16,3,10,4,3,0," 31,812 "," 132,508 "
" 108,160 ",33,4,2,4,4,0,0.18,3,12,3,7,1," 22,130 "," 86,030 "
" 160,160 ",122,3,3,2,2,1,0.2,4,2,3,2,2," 38,438 "," 121,722 "
" 79,040 ",61,2,4,3,3,4,0.14,3,10,3,7,0," 13,105 "," 65,935 "
" 160,160 ",36,3,3,1,1,2,0.21,4,17,3,7,7," 37,429 "," 122,731 "
" 124,800 ",60,3,1,3,4,0,0.13,3,15,3,10,4," 19,481 "," 105,319 "
" 174,720 ",64,3,2,2,2,7,0.12,3,7,4,1,1," 25,579 "," 149,141 "
" 118,560 ",119,4,3,3,4,0,0.14,3,5,3,3,1," 18,638 "," 99,922 "
" 131,040 ",110,3,4,3,2,0,0.21,4,12,3,9,5," 29,589 "," 101,451 "
" 124,800 ",66,5,1,3,1,3,0.17,3,20,3,0,0," 26,395 "," 98,405 "
" 162,240 ",56,2,3,2,4,4,0.11,3,16,2,2,4," 25,066 "," 137,174 "
" 87,360 ",52,3,1,3,1,1,0.14,3,9,2,7,6," 15,236 "," 72,124 "
" 110,240 ",94,4,4,3,3,7,0.17,3,33,1,4,1," 21,486 "," 88,754 "
" 149,760 ",78,1,1,4,4,1,0.13,3,10,3,5,7," 22,075 "," 127,685 "
" 199,680 ",13,3,1,2,2,1,0.25,4,1,4,1,0," 57,408 "," 142,272 "
" 201,760 ",56,3,1,3,4,1,0.15,3,3,3,2,1," 37,124 "," 164,636 "
" 176,800 ",78,3,4,3,4,3,0.14,3,36,3,9,0," 27,793 "," 149,007 "
" 166,400 ",94,2,3,3,1,1,0.12,3,6,2,5,0," 25,825 "," 140,575 "
" 199,680 ",26,3,3,2,1,1,0.19,3,10,3,9,1," 44,409 "," 155,271 "
" 99,840 ",118,3,3,2,4,5,0.17,3,13,3,1,0," 21,945 "," 77,895 "
" 199,680 ",25,3,3,1,4,3,0.14,3,25,3,7,0," 34,824 "," 164,856 "
" 176,800 ",38,2,1,2,3,2,0.13,3,23,4,0,0," 26,060 "," 150,740 "
" 95,680 ",69,3,3,3,2,1,0.12,3,12,2,10,0," 14,850 "," 80,830 "
" 158,080 ",9,2,4,4,2,5,0.11,3,7,2,0,0," 20,203 "," 137,877 "
" 158,080 ",114,2,1,3,3,1,0.11,3,5,3,3,0," 21,610 "," 136,470 "
" 170,560 ",119,3,3,3,4,1,0.11,3,6,3,0,1," 26,352 "," 144,208 "
" 158,080 ",45,3,4,2,4,6,0.12,3,25,4,0,0," 25,925 "," 132,155 "
" 180,960 ",120,3,4,2,4,3,0.14,3,9,2,7,1," 31,559 "," 149,401 "
" 185,120 ",15,3,3,4,3,0,0.17,3,2,2,0,0," 37,616 "," 147,504 "
" 183,040 ",84,3,2,3,2,7,0.11,3,26,3,9,3," 26,651 "," 156,389 "
" 170,560 ",84,5,4,4,3,0,0.14,3,10,3,8,0," 28,279 "," 142,281 "
" 118,560 ",81,3,2,4,4,1,0.12,3,1,3,0,0," 19,444 "," 99,116 "
" 97,760 ",8,2,4,3,3,1,0.22,4,1,3,0,0," 26,082 "," 71,678 "
" 151,840 ",16,1,3,1,4,1,0.14,3,1,3,0,1," 23,869 "," 127,971 "
" 110,240 ",44,2,3,3,4,1,0.2,4,8,2,5,2," 23,812 "," 86,428 "
" 195,520 ",23,3,1,1,2,2,0.16,3,26,3,10,1," 36,210 "," 159,310 "
" 76,960 ",15,1,4,2,2,1,0.15,3,34,3,9,15," 14,815 "," 62,145 "
" 93,600 ",106,2,1,2,3,1,0.2,4,2,1,2,2," 20,966 "," 72,634 "
" 68,640 ",33,2,4,2,2,2,0.14,3,26,3,4,0," 11,381 "," 57,259 "
" 178,880 ",49,3,3,3,1,0,0.12,3,4,3,2,0," 24,614 "," 154,266 "
" 172,640 ",31,3,4,3,2,4,0.24,4,31,2,10,11," 44,058 "," 128,582 "
" 139,360 ",120,4,4,3,4,6,0.12,3,25,2,7,5," 24,081 "," 115,279 "
" 95,680 ",117,3,3,3,2,4,0.13,3,15,4,8,5," 15,768 "," 79,912 "
" 91,520 ",83,4,4,3,3,0,0.11,3,5,2,2,0," 12,511 "," 79,009 "
" 191,360 ",25,2,3,4,1,1,0.14,3,26,2,9,14," 33,373 "," 157,987 "
" 116,480 ",26,3,3,2,2,4,0.11,3,14,4,9,1," 19,033 "," 97,447 "
" 137,280 ",13,1,3,3,3,0,0.14,3,4,3,2,2," 23,942 "," 113,338 "
" 162,240 ",86,4,2,4,2,6,0.16,3,18,3,0,0," 32,772 "," 129,468 "
" 116,480 ",14,4,4,2,4,3,0.14,3,23,4,7,15," 21,316 "," 95,164 "
" 110,240 ",118,4,3,3,2,9,0.11,3,18,3,14,5," 18,013 "," 92,227 "
" 151,840 ",81,3,1,3,4,1,0.11,3,10,3,7,0," 24,811 "," 127,029 "
" 108,160 ",114,3,4,2,4,1,0.12,3,2,3,2,2," 17,738 "," 90,422 "
" 83,200 ",55,2,2,2,3,0,0.14,3,8,2,0,7," 15,941 "," 67,259 "
" 149,760 ",63,2,3,3,3,7,0.18,3,10,3,4,1," 31,869 "," 117,891 "
" 81,120 ",12,3,2,3,3,3,0.13,3,10,3,7,7," 14,074 "," 67,046 "
" 174,720 ",93,3,4,3,1,2,0.11,3,5,2,2,1," 28,549 "," 146,171 "
" 83,200 ",9,3,4,3,2,1,0.18,3,2,2,2,2," 17,023 "," 66,177 "
" 116,480 ",110,3,3,4,4,1,0.15,3,10,4,7,0," 19,452 "," 97,028 "
" 172,640 ",56,3,2,3,2,3,0.22,4,22,3,0,0," 44,714 "," 127,926 "
" 195,520 ",73,4,3,2,2,6,0.13,3,21,3,9,15," 28,820 "," 166,700 "
" 183,040 ",112,4,1,3,3,1,0.12,3,2,3,2,2," 25,186 "," 157,854 "
" 164,320 ",82,2,4,3,3,1,0.18,3,10,3,4,1," 36,315 "," 128,005 "
" 193,440 ",27,3,3,3,1,0,0.13,3,6,3,2,0," 35,245 "," 158,195 "
" 99,840 ",54,3,1,2,4,0,0.12,3,10,3,2,6," 14,617 "," 85,223 "
" 131,040 ",107,4,4,3,3,3,0.12,3,10,3,7,1," 21,491 "," 109,549 "
" 91,520 ",27,2,4,3,1,6,0.12,3,10,4,6,5," 12,593 "," 78,927 "
" 114,400 ",103,3,3,1,4,0,0.11,3,10,3,8,7," 16,657 "," 97,743 "
" 89,440 ",79,3,4,3,1,4,0.11,3,25,3,2,1," 12,226 "," 77,214 "
" 118,560 ",66,4,4,2,2,2,0.12,3,9,3,4,1," 17,357 "," 101,203 "
" 133,120 ",78,3,2,3,2,9,0.19,3,10,2,7,7," 31,762 "," 101,358 "
" 197,600 ",33,4,2,3,1,1,0.23,4,9,3,1,0," 51,534 "," 146,066 "
" 66,560 ",27,2,1,3,3,0,0.11,3,9,3,7,1," 8,506 "," 58,054 "
" 118,560 ",60,4,4,3,3,1,0.19,3,10,2,8,9," 25,407 "," 93,153 "
" 83,200 ",122,2,3,1,2,1,0.13,3,19,3,2,11," 12,264 "," 70,936 "
" 112,320 ",83,3,4,3,2,1,0.11,3,3,4,2,2," 16,354 "," 95,966 "
" 185,120 ",41,3,1,3,1,4,0.12,3,10,4,2,1," 28,731 "," 156,389 "
" 76,960 ",8,1,3,3,3,0,0.13,3,21,2,8,2," 11,344 "," 65,616 "
" 120,640 ",74,2,4,1,3,4,0.14,3,23,3,9,9," 21,040 "," 99,600 "
" 205,920 ",63,4,4,3,2,6,0.14,3,36,3,3,7," 35,912 "," 170,008 "
" 153,920 ",30,2,3,3,3,9,0.16,3,6,3,2,0," 28,506 "," 125,414 "
" 178,880 ",117,3,4,3,4,0,0.11,3,10,2,7,1," 24,453 "," 154,427 "
" 203,840 ",116,3,3,3,4,1,0.13,3,9,3,8,8," 33,593 "," 170,247 "
" 137,280 ",16,3,3,3,1,0,0.17,3,10,3,3,1," 29,035 "," 108,245 "
" 180,960 ",83,4,3,3,3,1,0.11,3,9,3,6,1," 23,127 "," 157,833 "
" 174,720 ",28,3,3,3,2,1,0.11,3,33,3,9,0," 23,884 "," 150,836 "
" 64,480 ",92,2,2,3,1,3,0.15,3,11,3,7,1," 10,768 "," 53,712 "
" 137,280 ",119,2,3,3,1,1,0.12,3,10,4,8,9," 21,306 "," 115,974 "
" 139,360 ",67,1,4,3,4,3,0.11,3,7,2,2,1," 20,291 "," 119,069 "
" 110,240 ",32,4,3,2,1,7,0.14,3,31,2,9,5," 20,174 "," 90,066 "
" 183,040 ",44,4,2,3,2,3,0.22,4,7,3,2,0," 45,980 "," 137,060 "
" 172,640 ",32,3,1,4,1,2,0.16,3,17,2,7,6," 34,873 "," 137,767 "
" 112,320 ",82,3,4,3,4,1,0.11,3,11,3,9,0," 18,353 "," 93,967 "
" 203,840 ",53,3,3,4,4,8,0.14,3,5,3,0,0," 37,303 "," 166,537 "
" 170,560 ",73,2,4,2,2,3,0.16,3,29,2,2,0," 33,020 "," 137,540 "
" 201,760 ",21,3,4,3,4,1,0.15,3,0,4,0,0," 35,409 "," 166,351 "
" 124,800 ",23,3,4,2,4,0,0.12,3,10,3,7,0," 20,467 "," 104,333 "
" 89,440 ",116,1,4,1,4,3,0.2,4,8,3,2,0," 22,181 "," 67,259 "
" 176,800 ",42,4,1,4,3,6,0.17,3,24,2,7,3," 35,926 "," 140,874 "
" 141,440 ",89,3,4,3,2,4,0.12,3,33,3,16,15," 24,441 "," 116,999 "
" 191,360 ",97,1,1,2,3,1,0.2,4,5,3,4,0," 45,926 "," 145,434 "
" 185,120 ",10,1,2,4,3,5,0.2,4,15,3,11,11," 41,467 "," 143,653 "
" 178,880 ",82,3,2,3,3,4,0.13,3,10,3,7,7," 27,923 "," 150,957 "
" 187,200 ",25,3,3,2,4,7,0.14,3,3,4,0,0," 34,258 "," 152,942 "
" 139,360 ",103,4,4,3,3,0,0.18,3,5,2,2,3," 27,370 "," 111,990 "
" 118,560 ",45,3,4,4,3,1,0.11,3,4,3,2,0," 17,262 "," 101,298 "
" 203,840 ",87,4,3,3,4,1,0.11,3,14,4,11,4," 33,307 "," 170,533 "
" 99,840 ",87,3,3,2,1,1,0.11,3,5,3,3,0," 15,425 "," 84,415 "
" 203,840 ",18,4,4,3,3,1,0.15,3,10,2,2,6," 34,041 "," 169,799 "
" 91,520 ",26,4,1,2,4,3,0.12,3,8,4,4,1," 14,204 "," 77,316 "
" 108,160 ",110,3,2,3,2,2,0.11,3,14,3,2,3," 15,748 "," 92,412 "
" 156,000 ",94,3,4,3,4,3,0.14,3,12,2,2,3," 28,548 "," 127,452 "
" 112,320 ",8,1,3,3,3,7,0.15,3,8,3,4,1," 21,622 "," 90,698 "
" 126,880 ",83,1,2,3,4,6,0.13,3,8,4,4,1," 23,118 "," 103,762 "
" 74,880 ",31,1,3,3,2,0,0.13,3,4,2,2,1," 11,037 "," 63,843 "
" 147,680 ",60,2,3,3,3,3,0.21,4,13,3,4,0," 36,846 "," 110,834 "
" 193,440 ",15,1,1,4,3,2,0.11,3,6,2,2,1," 28,165 "," 165,275 "
" 122,720 ",44,2,4,4,3,2,0.11,3,24,2,3,0," 18,960 "," 103,760 "
" 151,840 ",94,3,1,2,3,1,0.14,3,20,1,7,1," 23,869 "," 127,971 "
" 203,840 ",84,3,4,2,4,1,0.11,3,6,3,2,4," 29,679 "," 174,161 "
" 106,080 ",16,4,4,3,3,1,0.13,3,8,3,2,7," 15,636 "," 90,444 "
" 74,880 ",68,1,1,2,4,0,0.12,3,5,3,3,1," 10,303 "," 64,577 "
" 64,480 ",109,3,3,3,1,0,0.14,3,21,3,7,0," 10,136 "," 54,344 "
" 112,320 ",57,4,3,3,1,9,0.13,3,12,1,4,0," 18,510 "," 93,810 "
" 195,520 ",26,3,1,3,3,4,0.18,3,8,3,2,0," 38,400 "," 157,120 "
" 124,800 ",89,2,3,3,4,2,0.11,3,10,3,2,2," 17,060 "," 107,740 "
" 168,480 ",112,3,1,3,4,4,0.11,3,7,2,2,0," 26,030 "," 142,450 "
" 208,000 ",45,3,3,4,1,0,0.12,3,8,3,7,0," 28,621 "," 179,379 "
" 106,080 ",42,3,2,2,1,1,0.13,3,10,2,9,0," 15,636 "," 90,444 "
" 201,760 ",59,2,1,2,1,3,0.2,4,20,3,3,1," 46,808 "," 154,952 "
" 174,720 ",65,1,3,3,4,0,0.12,3,9,3,7,7," 25,579 "," 149,141 "
" 112,320 ",52,3,4,3,4,6,0.19,3,29,2,7,12," 24,070 "," 88,250 "
" 158,080 ",98,3,4,3,1,3,0.21,4,32,3,8,1," 35,694 "," 122,386 "
" 168,480 ",49,4,2,4,4,2,0.13,3,31,4,7,0," 24,834 "," 143,646 "
" 205,920 ",87,4,1,3,2,3,0.16,3,15,3,4,0," 39,866 "," 166,054 "
" 104,000 ",30,4,2,1,3,1,0.12,3,1,3,0,0," 16,141 "," 87,859 "
" 151,840 ",75,4,4,3,1,7,0.14,3,8,3,2,0," 25,175 "," 126,665 "
" 193,440 ",73,5,1,3,2,3,0.11,3,9,4,2,1," 31,608 "," 161,832 "
" 189,280 ",102,4,4,3,1,5,0.14,3,10,3,3,1," 36,266 "," 153,014 "
" 70,720 ",47,3,1,2,2,1,0.12,3,1,4,0,0," 10,976 "," 59,744 "
" 189,280 ",68,1,2,3,1,0,0.14,3,6,4,0,1," 36,266 "," 153,014 "
" 76,960 ",103,4,1,2,4,1,0.16,3,10,2,4,1," 14,253 "," 62,707 "
" 203,840 ",122,4,3,2,1,4,0.13,3,11,2,2,0," 30,046 "," 173,794 "
" 153,920 ",10,3,1,3,4,7,0.12,3,17,2,5,1," 26,597 "," 127,323 "
" 141,440 ",39,2,1,2,1,3,0.12,3,6,3,2,2," 21,951 "," 119,489 "
" 174,720 ",80,2,3,4,3,0,0.14,3,7,1,5,1," 27,466 "," 147,254 "
" 187,200 ",83,2,1,3,1,2,0.22,4,5,4,2,1," 45,564 "," 141,636 "
" 170,560 ",77,4,1,3,3,3,0.19,3,26,4,17,5," 39,314 "," 131,246 "
" 87,360 ",119,1,4,3,3,1,0.12,3,5,3,4,0," 12,790 "," 74,570 "
" 201,760 ",51,5,4,3,4,4,0.12,3,7,2,3,0," 29,538 "," 172,222 "
" 178,880 ",27,3,4,2,2,5,0.17,3,7,2,4,0," 33,379 "," 145,501 "
" 187,200 ",86,5,2,4,3,2,0.12,3,7,2,2,0," 30,701 "," 156,499 "
" 168,480 ",95,4,3,3,3,3,0.11,3,11,4,7,0," 26,030 "," 142,450 "
" 64,480 ",22,2,1,3,4,1,0.18,3,13,3,7,9," 13,193 "," 51,287 "
" 108,160 ",57,3,1,3,4,4,0.11,3,28,4,7,4," 14,785 "," 93,375 "
" 112,320 ",34,3,1,2,1,2,0.23,4,11,4,0,0," 28,428 "," 83,892 "
" 208,000 ",10,5,3,4,2,1,0.11,3,10,3,8,4," 30,285 "," 177,715 "
" 197,600 ",100,3,2,1,1,2,0.18,3,24,3,7,0," 45,290 "," 152,310 "
" 199,680 ",70,2,4,4,2,9,0.18,3,8,3,2,0," 39,217 "," 160,463 "
" 195,520 ",108,3,2,3,4,6,0.13,3,7,1,2,2," 28,820 "," 166,700 "
" 114,400 ",60,3,2,3,4,4,0.18,3,10,4,1,1," 26,220 "," 88,180 "
" 199,680 ",19,3,3,3,1,4,0.11,3,15,3,2,2," 32,628 "," 167,052 "
" 108,160 ",52,4,1,3,3,1,0.15,3,2,3,2,2," 18,063 "," 90,097 "
" 114,400 ",16,1,4,2,2,2,0.11,3,16,3,8,4," 18,693 "," 95,707 "
" 174,720 ",108,3,4,3,1,0,0.18,3,6,3,4,1," 35,748 "," 138,972 "
" 187,200 ",94,3,3,2,3,3,0.14,3,7,3,2,0," 35,868 "," 151,332 "
" 81,120 ",64,3,4,4,2,4,0.12,3,35,2,8,8," 12,590 "," 68,530 "
" 199,680 ",120,4,1,3,3,2,0.14,3,20,2,2,1," 38,259 "," 161,421 "
" 141,440 ",31,3,3,3,3,2,0.14,3,8,4,1,1," 27,100 "," 114,340 "
" 101,920 ",113,3,4,3,2,1,0.13,3,6,2,2,1," 15,910 "," 86,010 "
" 112,320 ",93,3,4,3,1,0,0.14,3,5,3,3,0," 18,623 "," 93,697 "
" 168,480 ",26,3,4,1,1,3,0.18,3,15,3,9,3," 33,089 "," 135,391 "
" 199,680 ",56,1,4,3,3,8,0.15,3,4,2,1,2," 40,136 "," 159,544 "
" 153,920 ",73,2,1,3,4,1,0.13,3,12,3,9,5," 24,027 "," 129,893 "
" 164,320 ",42,5,1,3,3,7,0.12,3,11,2,0,0," 28,394 "," 135,926 "
" 133,120 ",120,3,3,3,3,1,0.13,3,1,2,0,0," 19,622 "," 113,498 "
" 193,440 ",29,2,2,4,3,0,0.24,4,13,2,9,2," 53,776 "," 139,664 "
" 72,800 ",22,4,3,3,2,3,0.14,3,29,3,7,0," 13,948 "," 58,852 "
" 147,680 ",92,3,2,3,1,7,0.14,3,16,2,8,6," 25,755 "," 121,925 "
" 191,360 ",106,3,1,3,3,3,0.15,3,5,4,2,1," 31,957 "," 159,403 "
" 106,080 ",21,3,1,3,2,5,0.11,3,7,1,3,0," 13,557 "," 92,523 "
" 83,200 ",110,4,1,2,2,0,0.23,4,16,4,9,10," 22,339 "," 60,861 "
" 158,080 ",21,1,4,3,3,1,0.13,3,1,3,0,0," 28,802 "," 129,278 "
" 185,120 ",86,3,2,3,1,2,0.11,3,4,2,0,0," 25,306 "," 159,814 "
" 162,240 ",60,2,4,3,2,1,0.13,3,1,3,0,0," 29,560 "," 132,680 "
" 178,880 ",20,1,2,3,3,5,0.18,3,16,2,2,2," 40,999 "," 137,881 "
" 160,160 ",59,3,3,2,3,1,0.14,3,10,3,7,0," 29,309 "," 130,851 "
" 95,680 ",105,3,3,3,3,0,0.21,4,6,4,3,1," 21,605 "," 74,075 "
" 62,400 ",17,4,4,3,3,0,0.16,3,4,3,2,1," 11,032 "," 51,368 "
" 170,560 ",104,4,1,2,2,8,0.11,3,8,3,4,0," 24,834 "," 145,726 "
" 162,240 ",35,3,3,3,3,3,0.17,3,11,2,4,1," 32,967 "," 129,273 "
" 79,040 ",116,2,3,2,1,7,0.11,3,8,2,0,0," 12,212 "," 66,828 "
" 149,760 ",25,3,1,2,3,1,0.14,3,1,1,0,0," 27,406 "," 122,354 "
" 114,400 ",27,3,3,3,1,0,0.14,3,5,3,2,1," 19,951 "," 94,449 "
" 89,440 ",39,2,3,2,1,4,0.25,4,10,3,2,1," 26,385 "," 63,055 "
" 201,760 ",61,1,4,3,2,0,0.13,3,4,3,2,0," 33,250 "," 168,510 "
" 199,680 ",98,1,3,1,2,1,0.14,3,8,2,6,1," 31,390 "," 168,290 "
" 143,520 ",109,5,4,3,3,2,0.17,3,14,3,0,0," 26,781 "," 116,739 "
" 133,120 ",98,3,3,3,4,2,0.25,4,10,4,2,0," 36,275 "," 96,845 "
" 180,960 ",50,4,2,3,4,3,0.2,4,26,3,9,1," 40,535 "," 140,425 "
" 208,000 ",90,4,1,2,1,6,0.13,3,11,1,7,0," 32,469 "," 175,531 "
" 66,560 ",38,3,4,3,1,3,0.13,3,24,4,6,14," 11,548 "," 55,012 "
" 66,560 ",121,3,2,3,2,4,0.18,3,9,3,0,2," 13,618 "," 52,942 "
" 106,080 ",86,3,3,3,2,8,0.12,3,23,4,12,5," 15,530 "," 90,550 "
" 189,280 ",70,3,4,2,2,1,0.19,3,11,1,8,3," 45,162 "," 144,118 "
" 201,760 ",75,1,1,3,3,0,0.14,3,5,3,3,1," 35,187 "," 166,573 "
" 178,880 ",69,4,4,3,1,3,0.14,3,15,1,4,1," 32,735 "," 146,145 "
" 133,120 ",109,3,4,2,3,1,0.14,3,10,3,9,8," 22,071 "," 111,049 "
" 68,640 ",49,3,4,3,3,1,0.12,3,7,1,2,7," 9,445 "," 59,195 "
" 183,040 ",69,5,3,1,4,1,0.13,3,32,3,6,13," 33,350 "," 149,690 "
" 114,400 ",104,2,2,3,3,0,0.25,4,12,3,10,5," 32,032 "," 82,368 "
" 141,440 ",49,3,3,2,2,4,0.14,3,4,3,0,0," 25,884 "," 115,556 "
" 97,760 ",79,3,1,3,4,1,0.17,3,10,3,8,3," 18,242 "," 79,518 "
" 81,120 ",59,1,3,1,1,3,0.13,3,9,3,7,0," 14,780 "," 66,340 "
" 91,520 ",16,3,4,2,2,1,0.13,3,5,3,3,0," 15,082 "," 76,438 "
" 201,760 ",66,3,4,3,4,4,0.2,4,8,3,4,0," 46,808 "," 154,952 "
" 83,200 ",56,3,4,3,4,2,0.14,3,24,1,8,13," 14,510 "," 68,690 "
" 97,760 ",78,2,1,3,1,0,0.12,3,9,4,4,7," 14,312 "," 83,448 "
" 164,320 ",44,4,2,3,3,1,0.12,3,15,3,14,5," 25,502 "," 138,818 "
" 79,040 ",62,2,3,3,4,1,0.21,4,21,3,7,7," 17,847 "," 61,193 "
" 118,560 ",38,2,3,2,1,0,0.14,3,2,3,1,0," 18,638 "," 99,922 "
" 149,760 ",71,2,4,3,4,3,0.18,3,8,3,2,2," 33,097 "," 116,663 "
" 137,280 ",93,4,1,3,2,1,0.12,3,10,3,8,7," 23,722 "," 113,558 "
" 203,840 ",64,4,2,2,3,0,0.23,4,6,3,3,4," 56,301 "," 147,539 "
" 139,360 ",26,2,4,2,2,3,0.12,3,12,3,1,2," 22,855 "," 116,505 "
" 145,600 ",106,4,3,3,4,3,0.21,4,7,2,2,1," 32,876 "," 112,724 "
" 199,680 ",19,4,3,3,3,8,0.14,3,18,3,7,7," 38,259 "," 161,421 "
" 189,280 ",92,3,3,4,3,6,0.18,3,5,2,0,0," 37,175 "," 152,105 "
" 95,680 ",49,4,1,3,1,2,0.13,3,8,1,2,2," 14,936 "," 80,744 "
" 133,120 ",95,3,2,2,1,1,0.11,3,10,3,8,6," 17,013 "," 116,107 "
" 147,680 ",35,4,3,3,3,3,0.11,3,10,3,3,1," 20,188 "," 127,492 "
" 141,440 ",57,3,4,2,1,1,0.19,3,3,3,0,1," 31,456 "," 109,984 "
" 68,640 ",70,4,3,3,2,3,0.12,3,9,3,2,1," 10,049 "," 58,591 "
" 143,520 ",21,3,1,3,1,1,0.12,3,1,3,0,0," 23,537 "," 119,983 "
" 162,240 ",23,5,3,2,4,0,0.16,3,34,3,7,1," 28,684 "," 133,556 "
" 168,480 ",101,3,3,3,2,4,0.11,3,7,3,2,1," 24,531 "," 143,949 "
" 128,960 ",46,4,4,3,1,4,0.14,3,9,2,5,1," 20,273 "," 108,687 "
" 135,200 ",59,4,3,3,1,8,0.12,3,10,2,2,7," 19,793 "," 115,407 "
" 72,800 ",88,4,1,3,4,1,0.13,3,1,1,0,0," 13,264 "," 59,536 "
" 124,800 ",59,5,3,2,4,1,0.21,4,36,3,6,2," 28,180 "," 96,620 "
" 93,600 ",53,4,2,3,4,9,0.17,3,9,2,2,2," 19,020 "," 74,580 "
" 185,120 ",111,3,1,3,4,1,0.21,4,1,3,0,0," 47,650 "," 137,470 "
" 166,400 ",57,3,3,3,2,0,0.11,3,10,3,8,7," 21,266 "," 145,134 "
" 187,200 ",96,3,2,3,2,2,0.12,3,8,4,2,1," 29,053 "," 158,147 "
" 151,840 ",114,4,2,3,3,6,0.13,3,15,3,0,0," 25,023 "," 126,817 "
" 180,960 ",73,1,2,3,1,1,0.18,3,10,3,9,1," 41,476 "," 139,484 "
" 106,080 ",111,4,1,3,3,3,0.16,3,10,3,2,0," 22,319 "," 83,761 "
" 79,040 ",39,3,4,4,3,2,0.11,3,11,3,6,7," 10,805 "," 68,235 "
" 180,960 ",33,1,1,3,4,1,0.19,3,6,4,4,1," 43,177 "," 137,783 "
" 122,720 ",72,3,3,3,3,4,0.16,3,27,3,0,0," 22,728 "," 99,992 "
" 93,600 ",29,3,4,4,3,2,0.16,3,4,3,2,2," 16,548 "," 77,052 "
" 166,400 ",71,4,1,4,1,3,0.13,3,9,3,2,0," 27,423 "," 138,977 "
" 193,440 ",93,2,4,2,4,8,0.22,4,24,3,0,0," 45,574 "," 147,866 "
" 95,680 ",64,3,2,4,3,1,0.17,3,10,2,9,6," 20,236 "," 75,444 "
" 191,360 ",35,4,4,2,3,1,0.14,3,8,2,2,7," 36,665 "," 154,695 "
" 174,720 ",94,2,4,3,1,1,0.15,3,5,3,4,1," 32,148 "," 142,572 "
" 180,960 ",59,3,4,4,2,5,0.12,3,8,3,4,0," 26,493 "," 154,467 "
" 131,040 ",61,2,3,2,4,1,0.18,3,1,2,0,0," 26,811 "," 104,229 "
" 116,480 ",65,4,4,4,1,1,0.15,3,27,1,0,0," 22,422 "," 94,058 "
" 106,080 ",58,3,3,3,2,1,0.17,3,1,3,1,0," 19,795 "," 86,285 "
" 176,800 ",101,2,2,2,3,1,0.14,3,4,2,2,1," 27,793 "," 149,007 "
" 85,280 ",8,5,2,3,3,2,0.15,3,32,3,8,12," 16,416 "," 68,864 "
" 72,800 ",98,4,2,4,4,3,0.17,3,6,3,2,0," 15,397 "," 57,403 "
" 64,480 ",24,3,2,3,4,0,0.14,3,23,2,7,1," 10,691 "," 53,789 "
" 99,840 ",50,3,2,2,2,1,0.12,3,6,2,4,1," 15,495 "," 84,345 "
" 104,000 ",46,5,3,1,1,1,0.14,3,10,3,7,1," 16,349 "," 87,651 "
" 108,160 ",82,3,1,2,1,1,0.15,3,10,3,7,4," 18,982 "," 89,178 "
" 112,320 ",116,4,4,3,1,7,0.13,3,10,3,2,0," 16,556 "," 95,764 "
" 158,080 ",73,4,3,3,3,9,0.12,3,7,3,2,1," 24,534 "," 133,546 "
" 87,360 ",69,4,3,4,4,1,0.13,3,9,3,7,7," 12,877 "," 74,483 "
" 174,720 ",82,4,3,3,1,1,0.14,3,10,2,6,1," 28,969 "," 145,751 "
" 158,080 ",48,5,2,3,1,2,0.13,3,10,3,7,7," 23,301 "," 134,779 "
" 139,360 ",118,3,4,2,1,1,0.11,3,7,3,7,0," 22,771 "," 116,589 "
" 99,840 ",112,5,2,4,1,1,0.11,3,16,3,15,1," 15,425 "," 84,415 "
" 81,120 ",110,3,2,1,1,0,0.21,4,6,2,3,0," 19,599 "," 61,521 "
" 201,760 ",64,1,3,3,4,1,0.18,3,3,3,2,2," 41,280 "," 160,480 "
" 145,600 ",19,2,2,3,4,1,0.12,3,0,4,0,0," 22,597 "," 123,003 "
" 203,840 ",108,4,4,3,3,3,0.11,3,27,3,2,1," 27,865 "," 175,975 "
" 158,080 ",17,2,3,2,3,0,0.15,3,11,3,8,0," 31,774 "," 126,306 "
" 166,400 ",25,3,1,2,3,1,0.13,3,18,3,15,14," 27,423 "," 138,977 "
" 108,160 ",75,4,3,3,3,1,0.12,3,15,3,11,2," 14,883 "," 93,277 "
" 176,800 ",83,3,3,3,3,3,0.17,3,9,2,3,0," 38,861 "," 137,939 "
" 168,480 ",77,3,1,3,3,0,0.13,3,10,1,2,3," 30,697 "," 137,783 "
" 122,720 ",43,2,4,2,4,1,0.19,3,10,3,7,3," 26,299 "," 96,421 "
" 112,320 ",77,2,4,2,3,3,0.19,3,10,4,4,0," 25,890 "," 86,430 "
" 114,400 ",63,3,4,2,1,9,0.17,3,15,3,12,6," 24,196 "," 90,204 "
" 147,680 ",71,3,2,3,2,1,0.11,3,8,1,4,7," 21,502 "," 126,178 "
" 174,720 ",72,3,3,3,4,6,0.15,3,18,2,2,3," 33,634 "," 141,086 "
" 76,960 ",106,5,1,3,4,4,0.11,3,14,3,7,0," 10,520 "," 66,440 "
" 185,120 ",45,5,3,2,4,2,0.25,4,23,3,2,2," 50,445 "," 134,675 "
" 122,720 ",36,2,1,1,4,6,0.14,3,7,2,2,2," 19,292 "," 103,428 "
" 66,560 ",104,1,1,3,4,1,0.13,3,6,3,3,1," 9,811 "," 56,749 "
" 178,880 ",38,3,2,4,3,7,0.17,3,5,3,2,0," 37,833 "," 141,047 "
" 180,960 ",30,3,4,3,4,2,0.13,3,6,2,2,1," 29,822 "," 151,138 "
" 151,840 ",62,3,1,3,1,3,0.14,3,10,1,2,0," 27,787 "," 124,053 "
" 87,360 ",78,3,3,2,3,9,0.11,3,8,3,2,1," 12,720 "," 74,640 "
" 87,360 ",29,4,2,3,1,4,0.12,3,9,3,2,0," 14,327 "," 73,033 "
" 160,160 ",29,1,4,4,3,1,0.17,3,7,3,7,0," 33,874 "," 126,286 "
" 137,280 ",36,3,4,3,2,4,0.21,4,7,3,4,1," 32,082 "," 105,198 "
" 149,760 ",65,4,1,3,2,3,0.16,3,27,3,2,1," 30,252 "," 119,508 "
" 104,000 ",92,5,4,2,1,5,0.15,3,19,3,11,1," 20,904 "," 83,096 "
" 64,480 ",11,3,3,3,3,1,0.19,3,2,3,2,2," 13,296 "," 51,184 "
" 137,280 ",86,3,4,3,2,1,0.12,3,11,3,8,7," 23,722 "," 113,558 "
" 160,160 ",40,3,1,3,2,2,0.11,3,15,3,3,1," 24,745 "," 135,415 "
" 85,280 ",117,1,3,2,3,2,0.19,3,30,3,11,2," 18,276 "," 67,004 "
" 68,640 ",13,4,4,2,3,0,0.15,3,4,3,2,1," 12,630 "," 56,010 "
" 164,320 ",110,2,4,4,1,6,0.2,4,13,3,4,0," 39,437 "," 124,883 "
" 189,280 ",44,5,2,3,3,3,0.25,4,36,3,8,4," 52,998 "," 136,282 "
" 135,200 ",77,2,3,2,3,1,0.24,4,14,3,10,6," 36,558 "," 98,642 "
" 74,880 ",14,4,4,3,4,3,0.24,4,13,4,9,6," 19,678 "," 55,202 "
" 187,200 ",9,3,4,3,4,7,0.15,3,19,4,11,2," 36,036 "," 151,164 "
" 89,440 ",70,3,1,2,2,1,0.13,3,10,2,0,0," 13,183 "," 76,257 "
" 193,440 ",102,4,4,3,4,1,0.14,3,6,3,2,0," 33,736 "," 159,704 "
" 93,600 ",65,3,4,3,2,0,0.13,3,10,2,5,1," 14,611 "," 78,989 "
" 139,360 ",64,4,1,3,4,1,0.11,3,10,3,0,0," 22,771 "," 116,589 "
" 153,920 ",73,3,4,3,1,4,0.16,3,17,2,2,2," 29,799 "," 124,121 "
" 87,360 ",103,3,4,2,2,1,0.22,4,4,3,3,3," 21,945 "," 65,415 "
" 97,760 ",93,4,2,4,2,6,0.14,3,29,3,2,1," 15,368 "," 82,392 "
" 74,880 ",85,3,3,3,3,4,0.14,3,23,3,7,0," 13,703 "," 61,177 "
" 166,400 ",64,2,4,3,3,3,0.16,3,21,3,0,0," 29,420 "," 136,980 "
" 112,320 ",39,1,4,3,1,1,0.11,3,2,3,2,0," 18,353 "," 93,967 "
" 74,880 ",14,3,3,3,4,1,0.25,4,7,3,5,1," 20,405 "," 54,475 "
" 166,400 ",95,4,1,3,3,6,0.14,3,10,2,2,0," 27,589 "," 138,811 "
" 91,520 ",112,3,3,3,4,4,0.18,3,8,3,2,2," 20,976 "," 70,544 "
" 193,440 ",69,1,4,2,3,1,0.11,3,5,3,4,1," 24,722 "," 168,718 "
" 180,960 ",107,2,4,3,3,7,0.19,3,7,2,0,0," 37,314 "," 143,646 "
" 99,840 ",93,4,2,4,4,3,0.15,3,11,3,3,1," 16,673 "," 83,167 "
" 197,600 ",58,2,4,3,3,2,0.11,3,19,3,7,7," 28,771 "," 168,829 "
" 197,600 ",31,4,4,3,2,1,0.12,3,1,3,0,0," 32,406 "," 165,194 "
" 158,080 ",117,3,4,3,4,1,0.2,4,7,3,7,5," 39,204 "," 118,876 "
" 195,520 ",73,3,1,2,2,5,0.12,3,8,3,2,1," 32,065 "," 163,455 "
" 118,560 ",64,2,2,2,4,1,0.14,3,15,4,10,4," 20,677 "," 97,883 "
" 191,360 ",34,4,3,1,4,3,0.2,4,19,4,0,0," 47,457 "," 143,903 "
" 164,320 ",108,3,2,4,2,1,0.18,3,14,3,11,2," 33,620 "," 130,700 "
" 64,480 ",85,4,3,1,4,1,0.14,3,6,2,3,1," 10,136 "," 54,344 "
" 72,800 ",108,3,2,2,4,1,0.12,3,10,3,9,8," 10,658 "," 62,142 "
" 205,920 ",27,3,3,3,4,1,0.21,4,3,3,2,0," 53,004 "," 152,916 "
" 199,680 ",71,3,3,4,4,1,0.19,3,9,3,7,6," 44,409 "," 155,271 "
" 164,320 ",118,4,1,2,4,0,0.14,3,6,4,4,1," 30,071 "," 134,249 "
" 151,840 ",44,3,4,3,4,1,0.17,3,10,3,9,8," 29,594 "," 122,246 "
" 128,960 ",56,3,3,4,3,1,0.16,3,5,3,3,0," 23,883 "," 105,077 "
" 72,800 ",112,3,4,3,3,1,0.12,3,10,3,8,8," 12,580 "," 60,220 "
" 89,440 ",24,4,4,3,3,9,0.17,3,9,3,3,1," 18,174 "," 71,266 "
" 106,080 ",98,4,3,3,4,3,0.15,3,17,2,7,6," 20,420 "," 85,660 "
" 153,920 ",23,1,3,2,3,3,0.23,4,25,2,15,14," 40,142 "," 113,778 "
" 120,640 ",54,1,4,1,3,1,0.11,3,1,3,0,0," 16,491 "," 104,149 "
" 170,560 ",24,3,3,1,3,7,0.11,3,25,1,5,14," 26,352 "," 144,208 "
" 128,960 ",93,4,4,1,3,1,0.15,3,3,4,2,0," 22,632 "," 106,328 "
" 99,840 ",95,2,4,2,2,1,0.11,3,21,3,6,8," 15,425 "," 84,415 "
" 116,480 ",53,3,1,3,3,6,0.13,3,10,2,2,1," 18,183 "," 98,297 "
" 143,520 ",113,4,2,3,3,1,0.14,3,6,4,2,0," 26,264 "," 117,256 "
" 124,800 ",69,3,3,1,2,6,0.19,3,10,3,2,1," 26,745 "," 98,055 "
" 191,360 ",119,2,2,3,1,2,0.16,3,18,3,0,0," 33,832 "," 157,528 "
" 189,280 ",75,1,2,3,1,1,0.13,3,6,4,2,1," 34,487 "," 154,793 "
" 70,720 ",81,4,3,3,2,6,0.14,3,19,3,7,0," 11,117 "," 59,603 "
" 101,920 ",15,4,4,3,3,2,0.16,3,17,3,7,0," 18,019 "," 83,901 "
" 68,640 ",87,1,2,3,4,1,0.12,3,10,2,0,0," 11,861 "," 56,779 "
" 180,960 ",81,4,3,3,2,7,0.11,3,4,1,0,0," 24,737 "," 156,223 "
" 153,920 ",106,3,3,3,4,4,0.12,3,13,2,6,0," 25,243 "," 128,677 "
" 199,680 ",100,5,2,2,1,5,0.13,3,16,3,2,2," 34,644 "," 165,036 "
" 70,720 ",72,2,1,1,2,6,0.15,3,10,3,0,0," 11,810 "," 58,910 "
" 106,080 ",65,1,3,3,2,1,0.13,3,3,1,2,1," 17,482 "," 88,598 "
" 62,400 ",81,1,4,3,4,2,0.2,4,9,2,4,1," 14,477 "," 47,923 "
" 160,160 ",38,3,4,3,4,1,0.15,3,9,3,8,5," 32,192 "," 127,968 "
" 166,400 ",122,3,4,1,3,3,0.13,3,10,1,3,0," 28,870 "," 137,530 "
" 183,040 ",71,4,2,3,2,1,0.14,3,21,2,8,12," 31,922 "," 151,118 "
" 116,480 ",106,3,3,1,3,4,0.21,4,9,4,0,0," 29,062 "," 87,418 "
" 162,240 ",103,4,4,2,1,0,0.16,3,10,3,7,0," 32,772 "," 129,468 "
" 122,720 ",96,3,1,3,4,0,0.14,3,3,3,2,2," 20,347 "," 102,373 "
" 137,280 ",11,3,3,2,4,6,0.11,3,6,2,2,1," 18,766 "," 118,514 "
" 106,080 ",119,3,1,3,3,1,0.19,3,6,3,2,0," 25,311 "," 80,769 "
" 139,360 ",111,3,3,3,4,1,0.11,3,6,2,2,1," 20,291 "," 119,069 "
" 108,160 ",28,3,2,1,2,1,0.13,3,2,3,2,2," 15,943 "," 92,217 "
" 145,600 ",11,3,4,4,3,8,0.12,3,10,4,2,0," 25,160 "," 120,440 "
" 195,520 ",48,2,3,2,1,2,0.11,3,12,3,7,1," 26,728 "," 168,792 "
" 201,760 ",43,4,4,4,4,0,0.14,3,6,3,0,1," 38,657 "," 163,103 "
" 128,960 ",120,3,4,3,2,8,0.15,3,13,2,7,1," 24,825 "," 104,135 "
" 166,400 ",53,4,4,3,4,3,0.12,3,8,4,1,0," 27,290 "," 139,110 "
" 153,920 ",108,3,1,3,1,2,0.2,4,11,2,0,0," 34,478 "," 119,442 "
" 156,000 ",85,2,3,2,2,4,0.14,3,9,2,1,0," 25,865 "," 130,135 "
" 145,600 ",119,4,1,3,3,2,0.13,3,10,3,0,0," 22,728 "," 122,872 "
" 189,280 ",92,3,4,2,1,1,0.13,3,1,3,0,0," 29,547 "," 159,733 "
" 120,640 ",53,3,3,4,3,3,0.16,3,10,3,0,1," 24,369 "," 96,271 "
" 135,200 ",106,4,2,3,2,2,0.14,3,12,3,7,0," 22,416 "," 112,784 "
" 124,800 ",113,3,2,1,4,3,0.16,3,15,3,0,1," 22,065 "," 102,735 "
" 79,040 ",89,3,3,2,3,9,0.16,3,6,3,0,0," 16,630 "," 62,410 "
" 118,560 ",50,3,2,3,2,8,0.22,4,7,2,3,0," 30,707 "," 87,853 "
" 124,800 ",68,3,3,2,1,8,0.12,3,34,3,0,0," 20,467 "," 104,333 "
" 187,200 ",49,3,4,3,2,5,0.15,3,11,2,8,1," 34,445 "," 152,755 "
" 195,520 ",34,4,3,3,1,1,0.2,4,5,3,3,0," 46,925 "," 148,595 "
" 180,960 ",71,3,4,3,3,1,0.14,3,15,3,14,0," 34,672 "," 146,288 "
" 124,800 ",80,4,1,2,3,4,0.2,4,27,2,2,0," 30,950 "," 93,850 "
